2026-08-15 13:17:28,719 [BombeRLeWorld] INFO: Initializing game world
2026-08-15 13:17:28,938 [BombeRLeWorld] INFO: STARTING ROUND #1
2026-08-15 13:17:28,945 [BombeRLeWorld] INFO: STARTING STEP 1
2026-08-15 13:17:28,947 [BombeRLeWorld] INFO: Agent <rule_based_agent_2> chose action RIGHT in 0.00s.
2026-08-15 13:17:28,947 [BombeRLeWorld] INFO: Agent <rule_based_agent_2> stayed within acceptable think time.
2026-08-15 13:17:28,947 [BombeRLeWorld] INFO: Agent <rule_based_agent_1> chose action LEFT in 0.00s.
2026-08-15 13:17:28,947 [BombeRLeWorld] INFO: Agent <rule_based_agent_1> stayed within acceptable think time.
2026-08-15 13:17:28,947 [BombeRLeWorld] INFO: Agent <rule_based_agent_3> chose action UP in 0.00s.
2026-08-15 13:17:28,947 [BombeRLeWorld] INFO: Agent <rule_based_agent_3> stayed within acceptable think time.
2026-08-15 13:17:28,947 [BombeRLeWorld] INFO: Agent <rule_based_agent_0> chose action UP in 0.00s.
2026-08-15 13:17:28,947 [BombeRLeWorld] INFO: Agent <rule_based_agent_0> stayed within acceptable think time.
2026-08-15 13:17:29,044 [BombeRLeWorld] INFO: STARTING STEP 2
2026-08-15 13:17:29,045 [BombeRLeWorld] INFO: Agent <rule_based_agent_3> chose action BOMB in 0.00s.
2026-08-15 13:17:29,045 [BombeRLeWorld] INFO: Agent <rule_based_agent_3> stayed within acceptable think time.
2026-08-15 13:17:29,045 [BombeRLeWorld] INFO: Agent <rule_based_agent_3> drops bomb at (np.int64(1), np.int64(14))
2026-08-15 13:17:29,045 [BombeRLeWorld] INFO: Agent <rule_based_agent_1> chose action BOMB in 0.00s.
2026-08-15 13:17:29,045 [BombeRLeWorld] INFO: Agent <rule_based_agent_1> stayed within acceptable think time.
2026-08-15 13:17:29,045 [BombeRLeWorld] INFO: Agent <rule_based_agent_1> drops bomb at (np.int64(14), np.int64(1))
2026-08-15 13:17:29,045 [BombeRLeWorld] INFO: Agent <rule_based_agent_2> chose action BOMB in 0.00s.
2026-08-15 13:17:29,045 [BombeRLeWorld] INFO: Agent <rule_based_agent_2> stayed within acceptable think time.
2026-08-15 13:17:29,045 [BombeRLeWorld] INFO: Agent <rule_based_agent_2> drops bomb at (np.int64(2), np.int64(1))
2026-08-15 13:17:29,045 [BombeRLeWorld] INFO: Agent <rule_based_agent_0> chose action BOMB in 0.00s.
2026-08-15 13:17:29,045 [BombeRLeWorld] INFO: Agent <rule_based_agent_0> stayed within acceptable think time.
2026-08-15 13:17:29,045 [BombeRLeWorld] INFO: Agent <rule_based_agent_0> drops bomb at (np.int64(15), np.int64(14))
2026-08-15 13:17:29,143 [BombeRLeWorld] INFO: STARTING STEP 3
2026-08-15 13:17:29,145 [BombeRLeWorld] INFO: Agent <rule_based_agent_2> chose action LEFT in 0.00s.
2026-08-15 13:17:29,145 [BombeRLeWorld] INFO: Agent <rule_based_agent_2> stayed within acceptable think time.
2026-08-15 13:17:29,145 [BombeRLeWorld] INFO: Agent <rule_based_agent_3> chose action DOWN in 0.00s.
2026-08-15 13:17:29,145 [BombeRLeWorld] INFO: Agent <rule_based_agent_3> stayed within acceptable think time.
2026-08-15 13:17:29,145 [BombeRLeWorld] INFO: Agent <rule_based_agent_1> chose action RIGHT in 0.00s.
2026-08-15 13:17:29,145 [BombeRLeWorld] INFO: Agent <rule_based_agent_1> stayed within acceptable think time.
2026-08-15 13:17:29,145 [BombeRLeWorld] INFO: Agent <rule_based_agent_0> chose action DOWN in 0.00s.
2026-08-15 13:17:29,145 [BombeRLeWorld] INFO: Agent <rule_based_agent_0> stayed within acceptable think time.
2026-08-15 13:17:29,243 [BombeRLeWorld] INFO: STARTING STEP 4
2026-08-15 13:17:29,246 [BombeRLeWorld] INFO: Agent <rule_based_agent_0> chose action LEFT in 0.00s.
2026-08-15 13:17:29,246 [BombeRLeWorld] INFO: Agent <rule_based_agent_0> stayed within acceptable think time.
2026-08-15 13:17:29,246 [BombeRLeWorld] INFO: Agent <rule_based_agent_3> chose action RIGHT in 0.00s.
2026-08-15 13:17:29,246 [BombeRLeWorld] INFO: Agent <rule_based_agent_3> stayed within acceptable think time.
2026-08-15 13:17:29,246 [BombeRLeWorld] INFO: Agent <rule_based_agent_2> chose action DOWN in 0.00s.
2026-08-15 13:17:29,246 [BombeRLeWorld] INFO: Agent <rule_based_agent_2> stayed within acceptable think time.
2026-08-15 13:17:29,246 [BombeRLeWorld] INFO: Agent <rule_based_agent_1> chose action DOWN in 0.00s.
2026-08-15 13:17:29,246 [BombeRLeWorld] INFO: Agent <rule_based_agent_1> stayed within acceptable think time.
2026-08-15 13:17:29,344 [BombeRLeWorld] INFO: STARTING STEP 5
2026-08-15 13:17:29,346 [BombeRLeWorld] INFO: Agent <rule_based_agent_3> chose action LEFT in 0.00s.
2026-08-15 13:17:29,346 [BombeRLeWorld] INFO: Agent <rule_based_agent_3> stayed within acceptable think time.
2026-08-15 13:17:29,346 [BombeRLeWorld] INFO: Agent <rule_based_agent_0> chose action RIGHT in 0.00s.
2026-08-15 13:17:29,346 [BombeRLeWorld] INFO: Agent <rule_based_agent_0> stayed within acceptable think time.
2026-08-15 13:17:29,346 [BombeRLeWorld] INFO: Agent <rule_based_agent_1> chose action DOWN in 0.00s.
2026-08-15 13:17:29,346 [BombeRLeWorld] INFO: Agent <rule_based_agent_1> stayed within acceptable think time.
2026-08-15 13:17:29,346 [BombeRLeWorld] INFO: Agent <rule_based_agent_2> chose action DOWN in 0.00s.
2026-08-15 13:17:29,346 [BombeRLeWorld] INFO: Agent <rule_based_agent_2> stayed within acceptable think time.
2026-08-15 13:17:29,445 [BombeRLeWorld] INFO: STARTING STEP 6
2026-08-15 13:17:29,447 [BombeRLeWorld] INFO: Agent <rule_based_agent_1> chose action UP in 0.00s.
2026-08-15 13:17:29,447 [BombeRLeWorld] INFO: Agent <rule_based_agent_1> stayed within acceptable think time.
2026-08-15 13:17:29,447 [BombeRLeWorld] INFO: Agent <rule_based_agent_2> chose action UP in 0.00s.
2026-08-15 13:17:29,447 [BombeRLeWorld] INFO: Agent <rule_based_agent_2> stayed within acceptable think time.
2026-08-15 13:17:29,447 [BombeRLeWorld] INFO: Agent <rule_based_agent_3> chose action RIGHT in 0.00s.
2026-08-15 13:17:29,447 [BombeRLeWorld] INFO: Agent <rule_based_agent_3> stayed within acceptable think time.
2026-08-15 13:17:29,447 [BombeRLeWorld] INFO: Agent <rule_based_agent_0> chose action LEFT in 0.00s.
2026-08-15 13:17:29,447 [BombeRLeWorld] INFO: Agent <rule_based_agent_0> stayed within acceptable think time.
2026-08-15 13:17:29,447 [BombeRLeWorld] INFO: Agent <rule_based_agent_3>'s bomb at (np.int64(1), np.int64(14)) explodes
2026-08-15 13:17:29,447 [BombeRLeWorld] INFO: Agent <rule_based_agent_1>'s bomb at (np.int64(14), np.int64(1)) explodes
2026-08-15 13:17:29,447 [BombeRLeWorld] INFO: Agent <rule_based_agent_2>'s bomb at (np.int64(2), np.int64(1)) explodes
2026-08-15 13:17:29,447 [BombeRLeWorld] INFO: Agent <rule_based_agent_0>'s bomb at (np.int64(15), np.int64(14)) explodes
2026-08-15 13:17:29,544 [BombeRLeWorld] INFO: STARTING STEP 7
2026-08-15 13:17:29,546 [BombeRLeWorld] INFO: Agent <rule_based_agent_0> chose action None in 0.00s.
2026-08-15 13:17:29,546 [BombeRLeWorld] INFO: Agent <rule_based_agent_0> stayed within acceptable think time.
2026-08-15 13:17:29,546 [BombeRLeWorld] INFO: Agent <rule_based_agent_3> chose action None in 0.00s.
2026-08-15 13:17:29,546 [BombeRLeWorld] INFO: Agent <rule_based_agent_3> stayed within acceptable think time.
2026-08-15 13:17:29,546 [BombeRLeWorld] INFO: Agent <rule_based_agent_1> chose action DOWN in 0.00s.
2026-08-15 13:17:29,546 [BombeRLeWorld] INFO: Agent <rule_based_agent_1> stayed within acceptable think time.
2026-08-15 13:17:29,546 [BombeRLeWorld] INFO: Agent <rule_based_agent_2> chose action DOWN in 0.00s.
2026-08-15 13:17:29,546 [BombeRLeWorld] INFO: Agent <rule_based_agent_2> stayed within acceptable think time.
2026-08-15 13:17:29,645 [BombeRLeWorld] INFO: STARTING STEP 8
2026-08-15 13:17:29,647 [BombeRLeWorld] INFO: Agent <rule_based_agent_2> chose action UP in 0.00s.
2026-08-15 13:17:29,647 [BombeRLeWorld] INFO: Agent <rule_based_agent_2> stayed within acceptable think time.
2026-08-15 13:17:29,647 [BombeRLeWorld] INFO: Agent <rule_based_agent_1> chose action UP in 0.00s.
2026-08-15 13:17:29,647 [BombeRLeWorld] INFO: Agent <rule_based_agent_1> stayed within acceptable think time.
2026-08-15 13:17:29,647 [BombeRLeWorld] INFO: Agent <rule_based_agent_0> chose action RIGHT in 0.00s.
2026-08-15 13:17:29,647 [BombeRLeWorld] INFO: Agent <rule_based_agent_0> stayed within acceptable think time.
2026-08-15 13:17:29,647 [BombeRLeWorld] INFO: Agent <rule_based_agent_3> chose action LEFT in 0.00s.
2026-08-15 13:17:29,647 [BombeRLeWorld] INFO: Agent <rule_based_agent_3> stayed within acceptable think time.
2026-08-15 13:17:29,745 [BombeRLeWorld] INFO: STARTING STEP 9
2026-08-15 13:17:29,747 [BombeRLeWorld] INFO: Agent <rule_based_agent_1> chose action DOWN in 0.00s.
2026-08-15 13:17:29,747 [BombeRLeWorld] INFO: Agent <rule_based_agent_1> stayed within acceptable think time.
2026-08-15 13:17:29,747 [BombeRLeWorld] INFO: Agent <rule_based_agent_3> chose action RIGHT in 0.00s.
2026-08-15 13:17:29,747 [BombeRLeWorld] INFO: Agent <rule_based_agent_3> stayed within acceptable think time.
2026-08-15 13:17:29,747 [BombeRLeWorld] INFO: Agent <rule_based_agent_2> chose action DOWN in 0.00s.
2026-08-15 13:17:29,747 [BombeRLeWorld] INFO: Agent <rule_based_agent_2> stayed within acceptable think time.
2026-08-15 13:17:29,747 [BombeRLeWorld] INFO: Agent <rule_based_agent_0> chose action LEFT in 0.00s.
2026-08-15 13:17:29,747 [BombeRLeWorld] INFO: Agent <rule_based_agent_0> stayed within acceptable think time.
2026-08-15 13:17:29,845 [BombeRLeWorld] INFO: STARTING STEP 10
2026-08-15 13:17:29,847 [BombeRLeWorld] INFO: Agent <rule_based_agent_1> chose action BOMB in 0.00s.
2026-08-15 13:17:29,847 [BombeRLeWorld] INFO: Agent <rule_based_agent_1> stayed within acceptable think time.
2026-08-15 13:17:29,847 [BombeRLeWorld] INFO: Agent <rule_based_agent_1> drops bomb at (np.int64(15), np.int64(3))
2026-08-15 13:17:29,847 [BombeRLeWorld] INFO: Agent <rule_based_agent_3> chose action BOMB in 0.00s.
2026-08-15 13:17:29,847 [BombeRLeWorld] INFO: Agent <rule_based_agent_3> stayed within acceptable think time.
2026-08-15 13:17:29,847 [BombeRLeWorld] INFO: Agent <rule_based_agent_3> drops bomb at (np.int64(2), np.int64(15))
2026-08-15 13:17:29,847 [BombeRLeWorld] INFO: Agent <rule_based_agent_0> chose action BOMB in 0.00s.
2026-08-15 13:17:29,847 [BombeRLeWorld] INFO: Agent <rule_based_agent_0> stayed within acceptable think time.
2026-08-15 13:17:29,847 [BombeRLeWorld] INFO: Agent <rule_based_agent_0> drops bomb at (np.int64(14), np.int64(15))
2026-08-15 13:17:29,847 [BombeRLeWorld] INFO: Agent <rule_based_agent_2> chose action BOMB in 0.00s.
2026-08-15 13:17:29,847 [BombeRLeWorld] INFO: Agent <rule_based_agent_2> stayed within acceptable think time.
2026-08-15 13:17:29,847 [BombeRLeWorld] INFO: Agent <rule_based_agent_2> drops bomb at (np.int64(1), np.int64(3))
2026-08-15 13:17:29,945 [BombeRLeWorld] INFO: STARTING STEP 11
2026-08-15 13:17:29,948 [BombeRLeWorld] INFO: Agent <rule_based_agent_2> chose action UP in 0.00s.
2026-08-15 13:17:29,948 [BombeRLeWorld] INFO: Agent <rule_based_agent_2> stayed within acceptable think time.
2026-08-15 13:17:29,948 [BombeRLeWorld] INFO: Agent <rule_based_agent_1> chose action UP in 0.00s.
2026-08-15 13:17:29,948 [BombeRLeWorld] INFO: Agent <rule_based_agent_1> stayed within acceptable think time.
2026-08-15 13:17:29,948 [BombeRLeWorld] INFO: Agent <rule_based_agent_0> chose action RIGHT in 0.00s.
2026-08-15 13:17:29,948 [BombeRLeWorld] INFO: Agent <rule_based_agent_0> stayed within acceptable think time.
2026-08-15 13:17:29,948 [BombeRLeWorld] INFO: Agent <rule_based_agent_3> chose action LEFT in 0.00s.
2026-08-15 13:17:29,948 [BombeRLeWorld] INFO: Agent <rule_based_agent_3> stayed within acceptable think time.
2026-08-15 13:17:30,045 [BombeRLeWorld] INFO: STARTING STEP 12
2026-08-15 13:17:30,048 [BombeRLeWorld] INFO: Agent <rule_based_agent_2> chose action UP in 0.00s.
2026-08-15 13:17:30,048 [BombeRLeWorld] INFO: Agent <rule_based_agent_2> stayed within acceptable think time.
2026-08-15 13:17:30,048 [BombeRLeWorld] INFO: Agent <rule_based_agent_1> chose action UP in 0.00s.
2026-08-15 13:17:30,048 [BombeRLeWorld] INFO: Agent <rule_based_agent_1> stayed within acceptable think time.
2026-08-15 13:17:30,048 [BombeRLeWorld] INFO: Agent <rule_based_agent_0> chose action UP in 0.00s.
2026-08-15 13:17:30,048 [BombeRLeWorld] INFO: Agent <rule_based_agent_0> stayed within acceptable think time.
2026-08-15 13:17:30,048 [BombeRLeWorld] INFO: Agent <rule_based_agent_3> chose action UP in 0.00s.
2026-08-15 13:17:30,048 [BombeRLeWorld] INFO: Agent <rule_based_agent_3> stayed within acceptable think time.
2026-08-15 13:17:30,146 [BombeRLeWorld] INFO: STARTING STEP 13
2026-08-15 13:17:30,148 [BombeRLeWorld] INFO: Agent <rule_based_agent_0> chose action UP in 0.00s.
2026-08-15 13:17:30,148 [BombeRLeWorld] INFO: Agent <rule_based_agent_0> stayed within acceptable think time.
2026-08-15 13:17:30,148 [BombeRLeWorld] INFO: Agent <rule_based_agent_2> chose action RIGHT in 0.00s.
2026-08-15 13:17:30,148 [BombeRLeWorld] INFO: Agent <rule_based_agent_2> stayed within acceptable think time.
2026-08-15 13:17:30,148 [BombeRLeWorld] INFO: Agent <rule_based_agent_3> chose action UP in 0.00s.
2026-08-15 13:17:30,148 [BombeRLeWorld] INFO: Agent <rule_based_agent_3> stayed within acceptable think time.
2026-08-15 13:17:30,148 [BombeRLeWorld] INFO: Agent <rule_based_agent_1> chose action LEFT in 0.00s.
2026-08-15 13:17:30,148 [BombeRLeWorld] INFO: Agent <rule_based_agent_1> stayed within acceptable think time.
2026-08-15 13:17:30,246 [BombeRLeWorld] INFO: STARTING STEP 14
2026-08-15 13:17:30,248 [BombeRLeWorld] INFO: Agent <rule_based_agent_3> chose action UP in 0.00s.
2026-08-15 13:17:30,248 [BombeRLeWorld] INFO: Agent <rule_based_agent_3> stayed within acceptable think time.
2026-08-15 13:17:30,248 [BombeRLeWorld] INFO: Agent <rule_based_agent_0> chose action UP in 0.00s.
2026-08-15 13:17:30,248 [BombeRLeWorld] INFO: Agent <rule_based_agent_0> stayed within acceptable think time.
2026-08-15 13:17:30,248 [BombeRLeWorld] INFO: Agent <rule_based_agent_2> chose action RIGHT in 0.00s.
2026-08-15 13:17:30,248 [BombeRLeWorld] INFO: Agent <rule_based_agent_2> stayed within acceptable think time.
2026-08-15 13:17:30,248 [BombeRLeWorld] INFO: Agent <rule_based_agent_1> chose action LEFT in 0.00s.
2026-08-15 13:17:30,248 [BombeRLeWorld] INFO: Agent <rule_based_agent_1> stayed within acceptable think time.
2026-08-15 13:17:30,248 [BombeRLeWorld] INFO: Agent <rule_based_agent_1>'s bomb at (np.int64(15), np.int64(3)) explodes
2026-08-15 13:17:30,248 [BombeRLeWorld] INFO: Coin found at (np.int64(15), np.int64(4))
2026-08-15 13:17:30,248 [BombeRLeWorld] INFO: Agent <rule_based_agent_3>'s bomb at (np.int64(2), np.int64(15)) explodes
2026-08-15 13:17:30,248 [BombeRLeWorld] INFO: Agent <rule_based_agent_0>'s bomb at (np.int64(14), np.int64(15)) explodes
2026-08-15 13:17:30,248 [BombeRLeWorld] INFO: Agent <rule_based_agent_2>'s bomb at (np.int64(1), np.int64(3)) explodes
2026-08-15 13:17:30,248 [BombeRLeWorld] INFO: Coin found at (np.int64(1), np.int64(4))
2026-08-15 13:17:30,346 [BombeRLeWorld] INFO: STARTING STEP 15
2026-08-15 13:17:30,348 [BombeRLeWorld] INFO: Agent <rule_based_agent_3> chose action UP in 0.00s.
2026-08-15 13:17:30,348 [BombeRLeWorld] INFO: Agent <rule_based_agent_3> stayed within acceptable think time.
2026-08-15 13:17:30,348 [BombeRLeWorld] INFO: Agent <rule_based_agent_2> chose action RIGHT in 0.00s.
2026-08-15 13:17:30,348 [BombeRLeWorld] INFO: Agent <rule_based_agent_2> stayed within acceptable think time.
2026-08-15 13:17:30,348 [BombeRLeWorld] INFO: Agent <rule_based_agent_1> chose action LEFT in 0.00s.
2026-08-15 13:17:30,348 [BombeRLeWorld] INFO: Agent <rule_based_agent_1> stayed within acceptable think time.
2026-08-15 13:17:30,348 [BombeRLeWorld] INFO: Agent <rule_based_agent_0> chose action UP in 0.00s.
2026-08-15 13:17:30,348 [BombeRLeWorld] INFO: Agent <rule_based_agent_0> stayed within acceptable think time.
2026-08-15 13:17:30,447 [BombeRLeWorld] INFO: STARTING STEP 16
2026-08-15 13:17:30,448 [BombeRLeWorld] INFO: Agent <rule_based_agent_0> chose action LEFT in 0.00s.
2026-08-15 13:17:30,448 [BombeRLeWorld] INFO: Agent <rule_based_agent_0> stayed within acceptable think time.
2026-08-15 13:17:30,448 [BombeRLeWorld] INFO: Agent <rule_based_agent_3> chose action UP in 0.00s.
2026-08-15 13:17:30,448 [BombeRLeWorld] INFO: Agent <rule_based_agent_3> stayed within acceptable think time.
2026-08-15 13:17:30,448 [BombeRLeWorld] INFO: Agent <rule_based_agent_2> chose action RIGHT in 0.00s.
2026-08-15 13:17:30,448 [BombeRLeWorld] INFO: Agent <rule_based_agent_2> stayed within acceptable think time.
2026-08-15 13:17:30,449 [BombeRLeWorld] INFO: Agent <rule_based_agent_1> chose action LEFT in 0.00s.
2026-08-15 13:17:30,449 [BombeRLeWorld] INFO: Agent <rule_based_agent_1> stayed within acceptable think time.
2026-08-15 13:17:30,546 [BombeRLeWorld] INFO: STARTING STEP 17
2026-08-15 13:17:30,548 [BombeRLeWorld] INFO: Agent <rule_based_agent_3> chose action BOMB in 0.00s.
2026-08-15 13:17:30,548 [BombeRLeWorld] INFO: Agent <rule_based_agent_3> stayed within acceptable think time.
2026-08-15 13:17:30,548 [BombeRLeWorld] INFO: Agent <rule_based_agent_3> drops bomb at (np.int64(1), np.int64(10))
2026-08-15 13:17:30,548 [BombeRLeWorld] INFO: Agent <rule_based_agent_2> chose action BOMB in 0.00s.
2026-08-15 13:17:30,548 [BombeRLeWorld] INFO: Agent <rule_based_agent_2> stayed within acceptable think time.
2026-08-15 13:17:30,548 [BombeRLeWorld] INFO: Agent <rule_based_agent_2> drops bomb at (np.int64(5), np.int64(1))
2026-08-15 13:17:30,548 [BombeRLeWorld] INFO: Agent <rule_based_agent_0> chose action LEFT in 0.00s.
2026-08-15 13:17:30,548 [BombeRLeWorld] INFO: Agent <rule_based_agent_0> stayed within acceptable think time.
2026-08-15 13:17:30,548 [BombeRLeWorld] INFO: Agent <rule_based_agent_1> chose action LEFT in 0.00s.
2026-08-15 13:17:30,548 [BombeRLeWorld] INFO: Agent <rule_based_agent_1> stayed within acceptable think time.
2026-08-15 13:17:30,647 [BombeRLeWorld] INFO: STARTING STEP 18
2026-08-15 13:17:30,649 [BombeRLeWorld] INFO: Agent <rule_based_agent_2> chose action LEFT in 0.00s.
2026-08-15 13:17:30,649 [BombeRLeWorld] INFO: Agent <rule_based_agent_2> stayed within acceptable think time.
2026-08-15 13:17:30,649 [BombeRLeWorld] INFO: Agent <rule_based_agent_3> chose action DOWN in 0.00s.
2026-08-15 13:17:30,649 [BombeRLeWorld] INFO: Agent <rule_based_agent_3> stayed within acceptable think time.
2026-08-15 13:17:30,649 [BombeRLeWorld] INFO: Agent <rule_based_agent_1> chose action BOMB in 0.00s.
2026-08-15 13:17:30,649 [BombeRLeWorld] INFO: Agent <rule_based_agent_1> stayed within acceptable think time.
2026-08-15 13:17:30,649 [BombeRLeWorld] INFO: Agent <rule_based_agent_1> drops bomb at (np.int64(10), np.int64(1))
2026-08-15 13:17:30,649 [BombeRLeWorld] INFO: Agent <rule_based_agent_0> chose action DOWN in 0.00s.
2026-08-15 13:17:30,649 [BombeRLeWorld] INFO: Agent <rule_based_agent_0> stayed within acceptable think time.
2026-08-15 13:17:30,746 [BombeRLeWorld] INFO: STARTING STEP 19
2026-08-15 13:17:30,748 [BombeRLeWorld] INFO: Agent <rule_based_agent_0> chose action BOMB in 0.00s.
2026-08-15 13:17:30,748 [BombeRLeWorld] INFO: Agent <rule_based_agent_0> stayed within acceptable think time.
2026-08-15 13:17:30,748 [BombeRLeWorld] INFO: Agent <rule_based_agent_0> drops bomb at (np.int64(13), np.int64(12))
2026-08-15 13:17:30,748 [BombeRLeWorld] INFO: Agent <rule_based_agent_3> chose action DOWN in 0.00s.
2026-08-15 13:17:30,748 [BombeRLeWorld] INFO: Agent <rule_based_agent_3> stayed within acceptable think time.
2026-08-15 13:17:30,748 [BombeRLeWorld] INFO: Agent <rule_based_agent_2> chose action LEFT in 0.00s.
2026-08-15 13:17:30,748 [BombeRLeWorld] INFO: Agent <rule_based_agent_2> stayed within acceptable think time.
2026-08-15 13:17:30,748 [BombeRLeWorld] INFO: Agent <rule_based_agent_1> chose action RIGHT in 0.00s.
2026-08-15 13:17:30,749 [BombeRLeWorld] INFO: Agent <rule_based_agent_1> stayed within acceptable think time.
2026-08-15 13:17:30,846 [BombeRLeWorld] INFO: STARTING STEP 20
2026-08-15 13:17:30,849 [BombeRLeWorld] INFO: Agent <rule_based_agent_3> chose action DOWN in 0.00s.
2026-08-15 13:17:30,849 [BombeRLeWorld] INFO: Agent <rule_based_agent_3> stayed within acceptable think time.
2026-08-15 13:17:30,849 [BombeRLeWorld] INFO: Agent <rule_based_agent_1> chose action RIGHT in 0.00s.
2026-08-15 13:17:30,849 [BombeRLeWorld] INFO: Agent <rule_based_agent_1> stayed within acceptable think time.
2026-08-15 13:17:30,849 [BombeRLeWorld] INFO: Agent <rule_based_agent_0> chose action UP in 0.00s.
2026-08-15 13:17:30,849 [BombeRLeWorld] INFO: Agent <rule_based_agent_0> stayed within acceptable think time.
2026-08-15 13:17:30,849 [BombeRLeWorld] INFO: Agent <rule_based_agent_2> chose action LEFT in 0.00s.
2026-08-15 13:17:30,849 [BombeRLeWorld] INFO: Agent <rule_based_agent_2> stayed within acceptable think time.
2026-08-15 13:17:30,946 [BombeRLeWorld] INFO: STARTING STEP 21
2026-08-15 13:17:30,949 [BombeRLeWorld] INFO: Agent <rule_based_agent_0> chose action RIGHT in 0.00s.
2026-08-15 13:17:30,949 [BombeRLeWorld] INFO: Agent <rule_based_agent_0> stayed within acceptable think time.
2026-08-15 13:17:30,949 [BombeRLeWorld] INFO: Agent <rule_based_agent_2> chose action LEFT in 0.00s.
2026-08-15 13:17:30,949 [BombeRLeWorld] INFO: Agent <rule_based_agent_2> stayed within acceptable think time.
2026-08-15 13:17:30,949 [BombeRLeWorld] INFO: Agent <rule_based_agent_1> chose action RIGHT in 0.00s.
2026-08-15 13:17:30,949 [BombeRLeWorld] INFO: Agent <rule_based_agent_1> stayed within acceptable think time.
2026-08-15 13:17:30,949 [BombeRLeWorld] INFO: Agent <rule_based_agent_3> chose action DOWN in 0.00s.
2026-08-15 13:17:30,949 [BombeRLeWorld] INFO: Agent <rule_based_agent_3> stayed within acceptable think time.
2026-08-15 13:17:30,949 [BombeRLeWorld] INFO: Agent <rule_based_agent_3>'s bomb at (np.int64(1), np.int64(10)) explodes
2026-08-15 13:17:30,949 [BombeRLeWorld] INFO: Agent <rule_based_agent_2>'s bomb at (np.int64(5), np.int64(1)) explodes
2026-08-15 13:17:31,047 [BombeRLeWorld] INFO: STARTING STEP 22
2026-08-15 13:17:31,050 [BombeRLeWorld] INFO: Agent <rule_based_agent_1> chose action RIGHT in 0.00s.
2026-08-15 13:17:31,050 [BombeRLeWorld] INFO: Agent <rule_based_agent_1> stayed within acceptable think time.
2026-08-15 13:17:31,050 [BombeRLeWorld] INFO: Agent <rule_based_agent_3> chose action DOWN in 0.00s.
2026-08-15 13:17:31,050 [BombeRLeWorld] INFO: Agent <rule_based_agent_3> stayed within acceptable think time.
2026-08-15 13:17:31,050 [BombeRLeWorld] INFO: Agent <rule_based_agent_0> chose action LEFT in 0.00s.
2026-08-15 13:17:31,050 [BombeRLeWorld] INFO: Agent <rule_based_agent_0> stayed within acceptable think time.
2026-08-15 13:17:31,050 [BombeRLeWorld] INFO: Agent <rule_based_agent_2> chose action DOWN in 0.00s.
2026-08-15 13:17:31,050 [BombeRLeWorld] INFO: Agent <rule_based_agent_2> stayed within acceptable think time.
2026-08-15 13:17:31,050 [BombeRLeWorld] INFO: Agent <rule_based_agent_1>'s bomb at (np.int64(10), np.int64(1)) explodes
2026-08-15 13:17:31,147 [BombeRLeWorld] INFO: STARTING STEP 23
2026-08-15 13:17:31,149 [BombeRLeWorld] INFO: Agent <rule_based_agent_2> chose action DOWN in 0.00s.
2026-08-15 13:17:31,149 [BombeRLeWorld] INFO: Agent <rule_based_agent_2> stayed within acceptable think time.
2026-08-15 13:17:31,149 [BombeRLeWorld] INFO: Agent <rule_based_agent_1> chose action RIGHT in 0.00s.
2026-08-15 13:17:31,149 [BombeRLeWorld] INFO: Agent <rule_based_agent_1> stayed within acceptable think time.
2026-08-15 13:17:31,149 [BombeRLeWorld] INFO: Agent <rule_based_agent_0> chose action RIGHT in 0.00s.
2026-08-15 13:17:31,149 [BombeRLeWorld] INFO: Agent <rule_based_agent_0> stayed within acceptable think time.
2026-08-15 13:17:31,149 [BombeRLeWorld] INFO: Agent <rule_based_agent_3> chose action RIGHT in 0.00s.
2026-08-15 13:17:31,149 [BombeRLeWorld] INFO: Agent <rule_based_agent_3> stayed within acceptable think time.
2026-08-15 13:17:31,149 [BombeRLeWorld] INFO: Agent <rule_based_agent_0>'s bomb at (np.int64(13), np.int64(12)) explodes
2026-08-15 13:17:31,248 [BombeRLeWorld] INFO: STARTING STEP 24
2026-08-15 13:17:31,250 [BombeRLeWorld] INFO: Agent <rule_based_agent_0> chose action RIGHT in 0.00s.
2026-08-15 13:17:31,250 [BombeRLeWorld] INFO: Agent <rule_based_agent_0> stayed within acceptable think time.
2026-08-15 13:17:31,250 [BombeRLeWorld] INFO: Agent <rule_based_agent_3> chose action RIGHT in 0.00s.
2026-08-15 13:17:31,250 [BombeRLeWorld] INFO: Agent <rule_based_agent_3> stayed within acceptable think time.
2026-08-15 13:17:31,250 [BombeRLeWorld] INFO: Agent <rule_based_agent_2> chose action DOWN in 0.00s.
2026-08-15 13:17:31,250 [BombeRLeWorld] INFO: Agent <rule_based_agent_2> stayed within acceptable think time.
2026-08-15 13:17:31,250 [BombeRLeWorld] INFO: Agent <rule_based_agent_1> chose action DOWN in 0.00s.
2026-08-15 13:17:31,250 [BombeRLeWorld] INFO: Agent <rule_based_agent_1> stayed within acceptable think time.
2026-08-15 13:17:31,250 [BombeRLeWorld] INFO: Agent <rule_based_agent_2> picked up coin at (np.int64(1), np.int64(4)) and receives 1 point
2026-08-15 13:17:31,348 [BombeRLeWorld] INFO: STARTING STEP 25
2026-08-15 13:17:31,351 [BombeRLeWorld] INFO: Agent <rule_based_agent_0> chose action LEFT in 0.00s.
2026-08-15 13:17:31,351 [BombeRLeWorld] INFO: Agent <rule_based_agent_0> stayed within acceptable think time.
2026-08-15 13:17:31,351 [BombeRLeWorld] INFO: Agent <rule_based_agent_3> chose action RIGHT in 0.00s.
2026-08-15 13:17:31,351 [BombeRLeWorld] INFO: Agent <rule_based_agent_3> stayed within acceptable think time.
2026-08-15 13:17:31,351 [BombeRLeWorld] INFO: Agent <rule_based_agent_1> chose action DOWN in 0.00s.
2026-08-15 13:17:31,351 [BombeRLeWorld] INFO: Agent <rule_based_agent_1> stayed within acceptable think time.
2026-08-15 13:17:31,351 [BombeRLeWorld] INFO: Agent <rule_based_agent_2> chose action DOWN in 0.00s.
2026-08-15 13:17:31,351 [BombeRLeWorld] INFO: Agent <rule_based_agent_2> stayed within acceptable think time.
2026-08-15 13:17:31,448 [BombeRLeWorld] INFO: STARTING STEP 26
2026-08-15 13:17:31,450 [BombeRLeWorld] INFO: Agent <rule_based_agent_0> chose action LEFT in 0.00s.
2026-08-15 13:17:31,450 [BombeRLeWorld] INFO: Agent <rule_based_agent_0> stayed within acceptable think time.
2026-08-15 13:17:31,450 [BombeRLeWorld] INFO: Agent <rule_based_agent_3> chose action RIGHT in 0.00s.
2026-08-15 13:17:31,450 [BombeRLeWorld] INFO: Agent <rule_based_agent_3> stayed within acceptable think time.
2026-08-15 13:17:31,450 [BombeRLeWorld] INFO: Agent <rule_based_agent_2> chose action DOWN in 0.00s.
2026-08-15 13:17:31,450 [BombeRLeWorld] INFO: Agent <rule_based_agent_2> stayed within acceptable think time.
2026-08-15 13:17:31,450 [BombeRLeWorld] INFO: Agent <rule_based_agent_1> chose action DOWN in 0.00s.
2026-08-15 13:17:31,450 [BombeRLeWorld] INFO: Agent <rule_based_agent_1> stayed within acceptable think time.
2026-08-15 13:17:31,450 [BombeRLeWorld] INFO: Agent <rule_based_agent_1> picked up coin at (np.int64(15), np.int64(4)) and receives 1 point
2026-08-15 13:17:31,549 [BombeRLeWorld] INFO: STARTING STEP 27
2026-08-15 13:17:31,551 [BombeRLeWorld] INFO: Agent <rule_based_agent_0> chose action LEFT in 0.00s.
2026-08-15 13:17:31,551 [BombeRLeWorld] INFO: Agent <rule_based_agent_0> stayed within acceptable think time.
2026-08-15 13:17:31,551 [BombeRLeWorld] INFO: Agent <rule_based_agent_2> chose action DOWN in 0.00s.
2026-08-15 13:17:31,551 [BombeRLeWorld] INFO: Agent <rule_based_agent_2> stayed within acceptable think time.
2026-08-15 13:17:31,551 [BombeRLeWorld] INFO: Agent <rule_based_agent_1> chose action DOWN in 0.00s.
2026-08-15 13:17:31,551 [BombeRLeWorld] INFO: Agent <rule_based_agent_1> stayed within acceptable think time.
2026-08-15 13:17:31,551 [BombeRLeWorld] INFO: Agent <rule_based_agent_3> chose action BOMB in 0.00s.
2026-08-15 13:17:31,551 [BombeRLeWorld] INFO: Agent <rule_based_agent_3> stayed within acceptable think time.
2026-08-15 13:17:31,551 [BombeRLeWorld] INFO: Agent <rule_based_agent_3> drops bomb at (np.int64(5), np.int64(15))
2026-08-15 13:17:31,649 [BombeRLeWorld] INFO: STARTING STEP 28
2026-08-15 13:17:31,650 [BombeRLeWorld] INFO: Agent <rule_based_agent_1> chose action DOWN in 0.00s.
2026-08-15 13:17:31,650 [BombeRLeWorld] INFO: Agent <rule_based_agent_1> stayed within acceptable think time.
2026-08-15 13:17:31,650 [BombeRLeWorld] INFO: Agent <rule_based_agent_0> chose action BOMB in 0.00s.
2026-08-15 13:17:31,650 [BombeRLeWorld] INFO: Agent <rule_based_agent_0> stayed within acceptable think time.
2026-08-15 13:17:31,651 [BombeRLeWorld] INFO: Agent <rule_based_agent_0> drops bomb at (np.int64(12), np.int64(11))
2026-08-15 13:17:31,651 [BombeRLeWorld] INFO: Agent <rule_based_agent_2> chose action RIGHT in 0.00s.
2026-08-15 13:17:31,651 [BombeRLeWorld] INFO: Agent <rule_based_agent_2> stayed within acceptable think time.
2026-08-15 13:17:31,651 [BombeRLeWorld] INFO: Agent <rule_based_agent_3> chose action LEFT in 0.00s.
2026-08-15 13:17:31,651 [BombeRLeWorld] INFO: Agent <rule_based_agent_3> stayed within acceptable think time.
2026-08-15 13:17:31,748 [BombeRLeWorld] INFO: STARTING STEP 29
2026-08-15 13:17:31,750 [BombeRLeWorld] INFO: Agent <rule_based_agent_3> chose action LEFT in 0.00s.
2026-08-15 13:17:31,750 [BombeRLeWorld] INFO: Agent <rule_based_agent_3> stayed within acceptable think time.
2026-08-15 13:17:31,750 [BombeRLeWorld] INFO: Agent <rule_based_agent_2> chose action BOMB in 0.00s.
2026-08-15 13:17:31,750 [BombeRLeWorld] INFO: Agent <rule_based_agent_2> stayed within acceptable think time.
2026-08-15 13:17:31,750 [BombeRLeWorld] INFO: Agent <rule_based_agent_2> drops bomb at (np.int64(2), np.int64(7))
2026-08-15 13:17:31,750 [BombeRLeWorld] INFO: Agent <rule_based_agent_0> chose action RIGHT in 0.00s.
2026-08-15 13:17:31,750 [BombeRLeWorld] INFO: Agent <rule_based_agent_0> stayed within acceptable think time.
2026-08-15 13:17:31,750 [BombeRLeWorld] INFO: Agent <rule_based_agent_1> chose action BOMB in 0.00s.
2026-08-15 13:17:31,750 [BombeRLeWorld] INFO: Agent <rule_based_agent_1> stayed within acceptable think time.
2026-08-15 13:17:31,751 [BombeRLeWorld] INFO: Agent <rule_based_agent_1> drops bomb at (np.int64(15), np.int64(6))
2026-08-15 13:17:31,848 [BombeRLeWorld] INFO: STARTING STEP 30
2026-08-15 13:17:31,851 [BombeRLeWorld] INFO: Agent <rule_based_agent_3> chose action LEFT in 0.00s.
2026-08-15 13:17:31,851 [BombeRLeWorld] INFO: Agent <rule_based_agent_3> stayed within acceptable think time.
2026-08-15 13:17:31,851 [BombeRLeWorld] INFO: Agent <rule_based_agent_2> chose action LEFT in 0.00s.
2026-08-15 13:17:31,851 [BombeRLeWorld] INFO: Agent <rule_based_agent_2> stayed within acceptable think time.
2026-08-15 13:17:31,851 [BombeRLeWorld] INFO: Agent <rule_based_agent_1> chose action UP in 0.00s.
2026-08-15 13:17:31,851 [BombeRLeWorld] INFO: Agent <rule_based_agent_1> stayed within acceptable think time.
2026-08-15 13:17:31,851 [BombeRLeWorld] INFO: Agent <rule_based_agent_0> chose action DOWN in 0.00s.
2026-08-15 13:17:31,851 [BombeRLeWorld] INFO: Agent <rule_based_agent_0> stayed within acceptable think time.
2026-08-15 13:17:31,948 [BombeRLeWorld] INFO: STARTING STEP 31
2026-08-15 13:17:31,951 [BombeRLeWorld] INFO: Agent <rule_based_agent_3> chose action LEFT in 0.00s.
2026-08-15 13:17:31,951 [BombeRLeWorld] INFO: Agent <rule_based_agent_3> stayed within acceptable think time.
2026-08-15 13:17:31,951 [BombeRLeWorld] INFO: Agent <rule_based_agent_2> chose action DOWN in 0.00s.
2026-08-15 13:17:31,951 [BombeRLeWorld] INFO: Agent <rule_based_agent_2> stayed within acceptable think time.
2026-08-15 13:17:31,951 [BombeRLeWorld] INFO: Agent <rule_based_agent_0> chose action UP in 0.00s.
2026-08-15 13:17:31,951 [BombeRLeWorld] INFO: Agent <rule_based_agent_0> stayed within acceptable think time.
2026-08-15 13:17:31,951 [BombeRLeWorld] INFO: Agent <rule_based_agent_1> chose action UP in 0.00s.
2026-08-15 13:17:31,951 [BombeRLeWorld] INFO: Agent <rule_based_agent_1> stayed within acceptable think time.
2026-08-15 13:17:31,951 [BombeRLeWorld] INFO: Agent <rule_based_agent_3>'s bomb at (np.int64(5), np.int64(15)) explodes
2026-08-15 13:17:31,951 [BombeRLeWorld] INFO: Coin found at (np.int64(5), np.int64(13))
2026-08-15 13:17:32,049 [BombeRLeWorld] INFO: STARTING STEP 32
2026-08-15 13:17:32,052 [BombeRLeWorld] INFO: Agent <rule_based_agent_2> chose action DOWN in 0.00s.
2026-08-15 13:17:32,052 [BombeRLeWorld] INFO: Agent <rule_based_agent_2> stayed within acceptable think time.
2026-08-15 13:17:32,052 [BombeRLeWorld] INFO: Agent <rule_based_agent_1> chose action UP in 0.00s.
2026-08-15 13:17:32,052 [BombeRLeWorld] INFO: Agent <rule_based_agent_1> stayed within acceptable think time.
2026-08-15 13:17:32,052 [BombeRLeWorld] INFO: Agent <rule_based_agent_3> chose action UP in 0.00s.
2026-08-15 13:17:32,052 [BombeRLeWorld] INFO: Agent <rule_based_agent_3> stayed within acceptable think time.
2026-08-15 13:17:32,052 [BombeRLeWorld] INFO: Agent <rule_based_agent_0> chose action DOWN in 0.00s.
2026-08-15 13:17:32,052 [BombeRLeWorld] INFO: Agent <rule_based_agent_0> stayed within acceptable think time.
2026-08-15 13:17:32,052 [BombeRLeWorld] INFO: Agent <rule_based_agent_0>'s bomb at (np.int64(12), np.int64(11)) explodes
2026-08-15 13:17:32,052 [BombeRLeWorld] INFO: Coin found at (np.int64(11), np.int64(11))
2026-08-15 13:17:32,149 [BombeRLeWorld] INFO: STARTING STEP 33
2026-08-15 13:17:32,152 [BombeRLeWorld] INFO: Agent <rule_based_agent_2> chose action DOWN in 0.00s.
2026-08-15 13:17:32,152 [BombeRLeWorld] INFO: Agent <rule_based_agent_2> stayed within acceptable think time.
2026-08-15 13:17:32,152 [BombeRLeWorld] INFO: Agent <rule_based_agent_0> chose action DOWN in 0.00s.
2026-08-15 13:17:32,152 [BombeRLeWorld] INFO: Agent <rule_based_agent_0> stayed within acceptable think time.
2026-08-15 13:17:32,152 [BombeRLeWorld] INFO: Agent <rule_based_agent_1> chose action LEFT in 0.00s.
2026-08-15 13:17:32,152 [BombeRLeWorld] INFO: Agent <rule_based_agent_1> stayed within acceptable think time.
2026-08-15 13:17:32,152 [BombeRLeWorld] INFO: Agent <rule_based_agent_3> chose action UP in 0.00s.
2026-08-15 13:17:32,152 [BombeRLeWorld] INFO: Agent <rule_based_agent_3> stayed within acceptable think time.
2026-08-15 13:17:32,152 [BombeRLeWorld] INFO: Agent <rule_based_agent_2>'s bomb at (np.int64(2), np.int64(7)) explodes
2026-08-15 13:17:32,152 [BombeRLeWorld] INFO: Agent <rule_based_agent_1>'s bomb at (np.int64(15), np.int64(6)) explodes
2026-08-15 13:17:32,250 [BombeRLeWorld] INFO: STARTING STEP 34
2026-08-15 13:17:32,252 [BombeRLeWorld] INFO: Agent <rule_based_agent_2> chose action DOWN in 0.00s.
2026-08-15 13:17:32,252 [BombeRLeWorld] INFO: Agent <rule_based_agent_2> stayed within acceptable think time.
2026-08-15 13:17:32,252 [BombeRLeWorld] INFO: Agent <rule_based_agent_1> chose action LEFT in 0.00s.
2026-08-15 13:17:32,252 [BombeRLeWorld] INFO: Agent <rule_based_agent_1> stayed within acceptable think time.
2026-08-15 13:17:32,252 [BombeRLeWorld] INFO: Agent <rule_based_agent_3> chose action UP in 0.00s.
2026-08-15 13:17:32,252 [BombeRLeWorld] INFO: Agent <rule_based_agent_3> stayed within acceptable think time.
2026-08-15 13:17:32,252 [BombeRLeWorld] INFO: Agent <rule_based_agent_0> chose action DOWN in 0.00s.
2026-08-15 13:17:32,252 [BombeRLeWorld] INFO: Agent <rule_based_agent_0> stayed within acceptable think time.
2026-08-15 13:17:32,350 [BombeRLeWorld] INFO: STARTING STEP 35
2026-08-15 13:17:32,352 [BombeRLeWorld] INFO: Agent <rule_based_agent_0> chose action DOWN in 0.00s.
2026-08-15 13:17:32,352 [BombeRLeWorld] INFO: Agent <rule_based_agent_0> stayed within acceptable think time.
2026-08-15 13:17:32,352 [BombeRLeWorld] INFO: Agent <rule_based_agent_1> chose action LEFT in 0.00s.
2026-08-15 13:17:32,352 [BombeRLeWorld] INFO: Agent <rule_based_agent_1> stayed within acceptable think time.
2026-08-15 13:17:32,352 [BombeRLeWorld] INFO: Agent <rule_based_agent_2> chose action UP in 0.00s.
2026-08-15 13:17:32,352 [BombeRLeWorld] INFO: Agent <rule_based_agent_2> stayed within acceptable think time.
2026-08-15 13:17:32,352 [BombeRLeWorld] INFO: Agent <rule_based_agent_3> chose action BOMB in 0.00s.
2026-08-15 13:17:32,352 [BombeRLeWorld] INFO: Agent <rule_based_agent_3> stayed within acceptable think time.
2026-08-15 13:17:32,352 [BombeRLeWorld] INFO: Agent <rule_based_agent_3> drops bomb at (np.int64(1), np.int64(12))
2026-08-15 13:17:32,450 [BombeRLeWorld] INFO: STARTING STEP 36
2026-08-15 13:17:32,452 [BombeRLeWorld] INFO: Agent <rule_based_agent_2> chose action UP in 0.00s.
2026-08-15 13:17:32,452 [BombeRLeWorld] INFO: Agent <rule_based_agent_2> stayed within acceptable think time.
2026-08-15 13:17:32,452 [BombeRLeWorld] INFO: Agent <rule_based_agent_1> chose action BOMB in 0.00s.
2026-08-15 13:17:32,452 [BombeRLeWorld] INFO: Agent <rule_based_agent_1> stayed within acceptable think time.
2026-08-15 13:17:32,452 [BombeRLeWorld] INFO: Agent <rule_based_agent_1> drops bomb at (np.int64(12), np.int64(3))
2026-08-15 13:17:32,452 [BombeRLeWorld] INFO: Agent <rule_based_agent_3> chose action DOWN in 0.00s.
2026-08-15 13:17:32,452 [BombeRLeWorld] INFO: Agent <rule_based_agent_3> stayed within acceptable think time.
2026-08-15 13:17:32,452 [BombeRLeWorld] INFO: Agent <rule_based_agent_0> chose action LEFT in 0.00s.
2026-08-15 13:17:32,452 [BombeRLeWorld] INFO: Agent <rule_based_agent_0> stayed within acceptable think time.
2026-08-15 13:17:32,550 [BombeRLeWorld] INFO: STARTING STEP 37
2026-08-15 13:17:32,552 [BombeRLeWorld] INFO: Agent <rule_based_agent_2> chose action UP in 0.00s.
2026-08-15 13:17:32,552 [BombeRLeWorld] INFO: Agent <rule_based_agent_2> stayed within acceptable think time.
2026-08-15 13:17:32,552 [BombeRLeWorld] INFO: Agent <rule_based_agent_1> chose action RIGHT in 0.00s.
2026-08-15 13:17:32,552 [BombeRLeWorld] INFO: Agent <rule_based_agent_1> stayed within acceptable think time.
2026-08-15 13:17:32,552 [BombeRLeWorld] INFO: Agent <rule_based_agent_3> chose action DOWN in 0.00s.
2026-08-15 13:17:32,552 [BombeRLeWorld] INFO: Agent <rule_based_agent_3> stayed within acceptable think time.
2026-08-15 13:17:32,552 [BombeRLeWorld] INFO: Agent <rule_based_agent_0> chose action LEFT in 0.00s.
2026-08-15 13:17:32,552 [BombeRLeWorld] INFO: Agent <rule_based_agent_0> stayed within acceptable think time.
2026-08-15 13:17:32,650 [BombeRLeWorld] INFO: STARTING STEP 38
2026-08-15 13:17:32,652 [BombeRLeWorld] INFO: Agent <rule_based_agent_1> chose action RIGHT in 0.00s.
2026-08-15 13:17:32,652 [BombeRLeWorld] INFO: Agent <rule_based_agent_1> stayed within acceptable think time.
2026-08-15 13:17:32,652 [BombeRLeWorld] INFO: Agent <rule_based_agent_3> chose action DOWN in 0.00s.
2026-08-15 13:17:32,652 [BombeRLeWorld] INFO: Agent <rule_based_agent_3> stayed within acceptable think time.
2026-08-15 13:17:32,653 [BombeRLeWorld] INFO: Agent <rule_based_agent_2> chose action UP in 0.00s.
2026-08-15 13:17:32,653 [BombeRLeWorld] INFO: Agent <rule_based_agent_2> stayed within acceptable think time.
2026-08-15 13:17:32,653 [BombeRLeWorld] INFO: Agent <rule_based_agent_0> chose action BOMB in 0.00s.
2026-08-15 13:17:32,653 [BombeRLeWorld] INFO: Agent <rule_based_agent_0> stayed within acceptable think time.
2026-08-15 13:17:32,653 [BombeRLeWorld] INFO: Agent <rule_based_agent_0> drops bomb at (np.int64(11), np.int64(15))
2026-08-15 13:17:32,750 [BombeRLeWorld] INFO: STARTING STEP 39
2026-08-15 13:17:32,753 [BombeRLeWorld] INFO: Agent <rule_based_agent_1> chose action RIGHT in 0.00s.
2026-08-15 13:17:32,753 [BombeRLeWorld] INFO: Agent <rule_based_agent_1> stayed within acceptable think time.
2026-08-15 13:17:32,753 [BombeRLeWorld] INFO: Agent <rule_based_agent_3> chose action RIGHT in 0.00s.
2026-08-15 13:17:32,753 [BombeRLeWorld] INFO: Agent <rule_based_agent_3> stayed within acceptable think time.
2026-08-15 13:17:32,753 [BombeRLeWorld] INFO: Agent <rule_based_agent_0> chose action RIGHT in 0.00s.
2026-08-15 13:17:32,753 [BombeRLeWorld] INFO: Agent <rule_based_agent_0> stayed within acceptable think time.
2026-08-15 13:17:32,753 [BombeRLeWorld] INFO: Agent <rule_based_agent_2> chose action RIGHT in 0.00s.
2026-08-15 13:17:32,753 [BombeRLeWorld] INFO: Agent <rule_based_agent_2> stayed within acceptable think time.
2026-08-15 13:17:32,753 [BombeRLeWorld] INFO: Agent <rule_based_agent_3>'s bomb at (np.int64(1), np.int64(12)) explodes
2026-08-15 13:17:32,851 [BombeRLeWorld] INFO: STARTING STEP 40
2026-08-15 13:17:32,853 [BombeRLeWorld] INFO: Agent <rule_based_agent_0> chose action RIGHT in 0.00s.
2026-08-15 13:17:32,853 [BombeRLeWorld] INFO: Agent <rule_based_agent_0> stayed within acceptable think time.
2026-08-15 13:17:32,853 [BombeRLeWorld] INFO: Agent <rule_based_agent_3> chose action RIGHT in 0.00s.
2026-08-15 13:17:32,853 [BombeRLeWorld] INFO: Agent <rule_based_agent_3> stayed within acceptable think time.
2026-08-15 13:17:32,853 [BombeRLeWorld] INFO: Agent <rule_based_agent_1> chose action DOWN in 0.00s.
2026-08-15 13:17:32,853 [BombeRLeWorld] INFO: Agent <rule_based_agent_1> stayed within acceptable think time.
2026-08-15 13:17:32,853 [BombeRLeWorld] INFO: Agent <rule_based_agent_2> chose action RIGHT in 0.00s.
2026-08-15 13:17:32,853 [BombeRLeWorld] INFO: Agent <rule_based_agent_2> stayed within acceptable think time.
2026-08-15 13:17:32,853 [BombeRLeWorld] INFO: Agent <rule_based_agent_1>'s bomb at (np.int64(12), np.int64(3)) explodes
2026-08-15 13:17:32,951 [BombeRLeWorld] INFO: STARTING STEP 41
2026-08-15 13:17:32,953 [BombeRLeWorld] INFO: Agent <rule_based_agent_1> chose action DOWN in 0.00s.
2026-08-15 13:17:32,953 [BombeRLeWorld] INFO: Agent <rule_based_agent_1> stayed within acceptable think time.
2026-08-15 13:17:32,953 [BombeRLeWorld] INFO: Agent <rule_based_agent_3> chose action RIGHT in 0.00s.
2026-08-15 13:17:32,953 [BombeRLeWorld] INFO: Agent <rule_based_agent_3> stayed within acceptable think time.
2026-08-15 13:17:32,953 [BombeRLeWorld] INFO: Agent <rule_based_agent_0> chose action UP in 0.00s.
2026-08-15 13:17:32,953 [BombeRLeWorld] INFO: Agent <rule_based_agent_0> stayed within acceptable think time.
2026-08-15 13:17:32,953 [BombeRLeWorld] INFO: Agent <rule_based_agent_2> chose action DOWN in 0.00s.
2026-08-15 13:17:32,953 [BombeRLeWorld] INFO: Agent <rule_based_agent_2> stayed within acceptable think time.
2026-08-15 13:17:33,051 [BombeRLeWorld] INFO: STARTING STEP 42
2026-08-15 13:17:33,053 [BombeRLeWorld] INFO: Agent <rule_based_agent_2> chose action BOMB in 0.00s.
2026-08-15 13:17:33,053 [BombeRLeWorld] INFO: Agent <rule_based_agent_2> stayed within acceptable think time.
2026-08-15 13:17:33,053 [BombeRLeWorld] INFO: Agent <rule_based_agent_2> drops bomb at (np.int64(3), np.int64(8))
2026-08-15 13:17:33,053 [BombeRLeWorld] INFO: Agent <rule_based_agent_3> chose action RIGHT in 0.00s.
2026-08-15 13:17:33,053 [BombeRLeWorld] INFO: Agent <rule_based_agent_3> stayed within acceptable think time.
2026-08-15 13:17:33,053 [BombeRLeWorld] INFO: Agent <rule_based_agent_1> chose action DOWN in 0.00s.
2026-08-15 13:17:33,053 [BombeRLeWorld] INFO: Agent <rule_based_agent_1> stayed within acceptable think time.
2026-08-15 13:17:33,054 [BombeRLeWorld] INFO: Agent <rule_based_agent_0> chose action UP in 0.00s.
2026-08-15 13:17:33,054 [BombeRLeWorld] INFO: Agent <rule_based_agent_0> stayed within acceptable think time.
2026-08-15 13:17:33,054 [BombeRLeWorld] INFO: Agent <rule_based_agent_0>'s bomb at (np.int64(11), np.int64(15)) explodes
2026-08-15 13:17:33,152 [BombeRLeWorld] INFO: STARTING STEP 43
2026-08-15 13:17:33,154 [BombeRLeWorld] INFO: Agent <rule_based_agent_3> chose action UP in 0.00s.
2026-08-15 13:17:33,154 [BombeRLeWorld] INFO: Agent <rule_based_agent_3> stayed within acceptable think time.
2026-08-15 13:17:33,154 [BombeRLeWorld] INFO: Agent <rule_based_agent_2> chose action UP in 0.00s.
2026-08-15 13:17:33,154 [BombeRLeWorld] INFO: Agent <rule_based_agent_2> stayed within acceptable think time.
2026-08-15 13:17:33,154 [BombeRLeWorld] INFO: Agent <rule_based_agent_1> chose action DOWN in 0.00s.
2026-08-15 13:17:33,154 [BombeRLeWorld] INFO: Agent <rule_based_agent_1> stayed within acceptable think time.
2026-08-15 13:17:33,154 [BombeRLeWorld] INFO: Agent <rule_based_agent_0> chose action UP in 0.00s.
2026-08-15 13:17:33,154 [BombeRLeWorld] INFO: Agent <rule_based_agent_0> stayed within acceptable think time.
2026-08-15 13:17:33,252 [BombeRLeWorld] INFO: STARTING STEP 44
2026-08-15 13:17:33,254 [BombeRLeWorld] INFO: Agent <rule_based_agent_3> chose action UP in 0.00s.
2026-08-15 13:17:33,254 [BombeRLeWorld] INFO: Agent <rule_based_agent_3> stayed within acceptable think time.
2026-08-15 13:17:33,254 [BombeRLeWorld] INFO: Agent <rule_based_agent_1> chose action DOWN in 0.00s.
2026-08-15 13:17:33,254 [BombeRLeWorld] INFO: Agent <rule_based_agent_1> stayed within acceptable think time.
2026-08-15 13:17:33,254 [BombeRLeWorld] INFO: Agent <rule_based_agent_0> chose action UP in 0.00s.
2026-08-15 13:17:33,254 [BombeRLeWorld] INFO: Agent <rule_based_agent_0> stayed within acceptable think time.
2026-08-15 13:17:33,254 [BombeRLeWorld] INFO: Agent <rule_based_agent_2> chose action RIGHT in 0.00s.
2026-08-15 13:17:33,254 [BombeRLeWorld] INFO: Agent <rule_based_agent_2> stayed within acceptable think time.
2026-08-15 13:17:33,254 [BombeRLeWorld] INFO: Agent <rule_based_agent_3> picked up coin at (np.int64(5), np.int64(13)) and receives 1 point
2026-08-15 13:17:33,352 [BombeRLeWorld] INFO: STARTING STEP 45
2026-08-15 13:17:33,354 [BombeRLeWorld] INFO: Agent <rule_based_agent_2> chose action RIGHT in 0.00s.
2026-08-15 13:17:33,354 [BombeRLeWorld] INFO: Agent <rule_based_agent_2> stayed within acceptable think time.
2026-08-15 13:17:33,354 [BombeRLeWorld] INFO: Agent <rule_based_agent_1> chose action DOWN in 0.00s.
2026-08-15 13:17:33,354 [BombeRLeWorld] INFO: Agent <rule_based_agent_1> stayed within acceptable think time.
2026-08-15 13:17:33,354 [BombeRLeWorld] INFO: Agent <rule_based_agent_3> chose action UP in 0.00s.
2026-08-15 13:17:33,354 [BombeRLeWorld] INFO: Agent <rule_based_agent_3> stayed within acceptable think time.
2026-08-15 13:17:33,354 [BombeRLeWorld] INFO: Agent <rule_based_agent_0> chose action LEFT in 0.00s.
2026-08-15 13:17:33,354 [BombeRLeWorld] INFO: Agent <rule_based_agent_0> stayed within acceptable think time.
2026-08-15 13:17:33,453 [BombeRLeWorld] INFO: STARTING STEP 46
2026-08-15 13:17:33,454 [BombeRLeWorld] INFO: Agent <rule_based_agent_2> chose action LEFT in 0.00s.
2026-08-15 13:17:33,454 [BombeRLeWorld] INFO: Agent <rule_based_agent_2> stayed within acceptable think time.
2026-08-15 13:17:33,454 [BombeRLeWorld] INFO: Agent <rule_based_agent_3> chose action BOMB in 0.00s.
2026-08-15 13:17:33,454 [BombeRLeWorld] INFO: Agent <rule_based_agent_3> stayed within acceptable think time.
2026-08-15 13:17:33,455 [BombeRLeWorld] INFO: Agent <rule_based_agent_3> drops bomb at (np.int64(5), np.int64(12))
2026-08-15 13:17:33,455 [BombeRLeWorld] INFO: Agent <rule_based_agent_1> chose action LEFT in 0.00s.
2026-08-15 13:17:33,455 [BombeRLeWorld] INFO: Agent <rule_based_agent_1> stayed within acceptable think time.
2026-08-15 13:17:33,455 [BombeRLeWorld] INFO: Agent <rule_based_agent_0> chose action LEFT in 0.00s.
2026-08-15 13:17:33,455 [BombeRLeWorld] INFO: Agent <rule_based_agent_0> stayed within acceptable think time.
2026-08-15 13:17:33,455 [BombeRLeWorld] INFO: Agent <rule_based_agent_0> picked up coin at (np.int64(11), np.int64(11)) and receives 1 point
2026-08-15 13:17:33,455 [BombeRLeWorld] INFO: Agent <rule_based_agent_2>'s bomb at (np.int64(3), np.int64(8)) explodes
2026-08-15 13:17:33,553 [BombeRLeWorld] INFO: STARTING STEP 47
2026-08-15 13:17:33,555 [BombeRLeWorld] INFO: Agent <rule_based_agent_1> chose action LEFT in 0.00s.
2026-08-15 13:17:33,555 [BombeRLeWorld] INFO: Agent <rule_based_agent_1> stayed within acceptable think time.
2026-08-15 13:17:33,555 [BombeRLeWorld] INFO: Agent <rule_based_agent_2> chose action RIGHT in 0.00s.
2026-08-15 13:17:33,555 [BombeRLeWorld] INFO: Agent <rule_based_agent_2> stayed within acceptable think time.
2026-08-15 13:17:33,555 [BombeRLeWorld] INFO: Agent <rule_based_agent_0> chose action LEFT in 0.00s.
2026-08-15 13:17:33,555 [BombeRLeWorld] INFO: Agent <rule_based_agent_0> stayed within acceptable think time.
2026-08-15 13:17:33,555 [BombeRLeWorld] INFO: Agent <rule_based_agent_3> chose action DOWN in 0.00s.
2026-08-15 13:17:33,555 [BombeRLeWorld] INFO: Agent <rule_based_agent_3> stayed within acceptable think time.
2026-08-15 13:17:33,653 [BombeRLeWorld] INFO: STARTING STEP 48
2026-08-15 13:17:33,655 [BombeRLeWorld] INFO: Agent <rule_based_agent_2> chose action LEFT in 0.00s.
2026-08-15 13:17:33,655 [BombeRLeWorld] INFO: Agent <rule_based_agent_2> stayed within acceptable think time.
2026-08-15 13:17:33,655 [BombeRLeWorld] INFO: Agent <rule_based_agent_1> chose action LEFT in 0.00s.
2026-08-15 13:17:33,655 [BombeRLeWorld] INFO: Agent <rule_based_agent_1> stayed within acceptable think time.
2026-08-15 13:17:33,655 [BombeRLeWorld] INFO: Agent <rule_based_agent_3> chose action RIGHT in 0.00s.
2026-08-15 13:17:33,655 [BombeRLeWorld] INFO: Agent <rule_based_agent_3> stayed within acceptable think time.
2026-08-15 13:17:33,655 [BombeRLeWorld] INFO: Agent <rule_based_agent_0> chose action LEFT in 0.00s.
2026-08-15 13:17:33,655 [BombeRLeWorld] INFO: Agent <rule_based_agent_0> stayed within acceptable think time.
2026-08-15 13:17:33,754 [BombeRLeWorld] INFO: STARTING STEP 49
2026-08-15 13:17:33,755 [BombeRLeWorld] INFO: Agent <rule_based_agent_0> chose action UP in 0.00s.
2026-08-15 13:17:33,755 [BombeRLeWorld] INFO: Agent <rule_based_agent_0> stayed within acceptable think time.
2026-08-15 13:17:33,755 [BombeRLeWorld] INFO: Agent <rule_based_agent_2> chose action RIGHT in 0.00s.
2026-08-15 13:17:33,755 [BombeRLeWorld] INFO: Agent <rule_based_agent_2> stayed within acceptable think time.
2026-08-15 13:17:33,755 [BombeRLeWorld] INFO: Agent <rule_based_agent_1> chose action BOMB in 0.00s.
2026-08-15 13:17:33,755 [BombeRLeWorld] INFO: Agent <rule_based_agent_1> stayed within acceptable think time.
2026-08-15 13:17:33,755 [BombeRLeWorld] INFO: Agent <rule_based_agent_1> drops bomb at (np.int64(12), np.int64(9))
2026-08-15 13:17:33,755 [BombeRLeWorld] INFO: Agent <rule_based_agent_3> chose action RIGHT in 0.00s.
2026-08-15 13:17:33,755 [BombeRLeWorld] INFO: Agent <rule_based_agent_3> stayed within acceptable think time.
2026-08-15 13:17:33,854 [BombeRLeWorld] INFO: STARTING STEP 50
2026-08-15 13:17:33,856 [BombeRLeWorld] INFO: Agent <rule_based_agent_0> chose action BOMB in 0.00s.
2026-08-15 13:17:33,856 [BombeRLeWorld] INFO: Agent <rule_based_agent_0> stayed within acceptable think time.
2026-08-15 13:17:33,856 [BombeRLeWorld] INFO: Agent <rule_based_agent_0> drops bomb at (np.int64(9), np.int64(10))
2026-08-15 13:17:33,856 [BombeRLeWorld] INFO: Agent <rule_based_agent_2> chose action BOMB in 0.00s.
2026-08-15 13:17:33,856 [BombeRLeWorld] INFO: Agent <rule_based_agent_2> stayed within acceptable think time.
2026-08-15 13:17:33,856 [BombeRLeWorld] INFO: Agent <rule_based_agent_2> drops bomb at (np.int64(5), np.int64(7))
2026-08-15 13:17:33,856 [BombeRLeWorld] INFO: Agent <rule_based_agent_3> chose action LEFT in 0.00s.
2026-08-15 13:17:33,856 [BombeRLeWorld] INFO: Agent <rule_based_agent_3> stayed within acceptable think time.
2026-08-15 13:17:33,856 [BombeRLeWorld] INFO: Agent <rule_based_agent_1> chose action RIGHT in 0.00s.
2026-08-15 13:17:33,856 [BombeRLeWorld] INFO: Agent <rule_based_agent_1> stayed within acceptable think time.
2026-08-15 13:17:33,856 [BombeRLeWorld] INFO: Agent <rule_based_agent_3>'s bomb at (np.int64(5), np.int64(12)) explodes
2026-08-15 13:17:33,856 [BombeRLeWorld] INFO: Coin found at (np.int64(5), np.int64(11))
2026-08-15 13:17:33,954 [BombeRLeWorld] INFO: STARTING STEP 51
2026-08-15 13:17:33,957 [BombeRLeWorld] INFO: Agent <rule_based_agent_2> chose action LEFT in 0.00s.
2026-08-15 13:17:33,957 [BombeRLeWorld] INFO: Agent <rule_based_agent_2> stayed within acceptable think time.
2026-08-15 13:17:33,957 [BombeRLeWorld] INFO: Agent <rule_based_agent_3> chose action RIGHT in 0.00s.
2026-08-15 13:17:33,957 [BombeRLeWorld] INFO: Agent <rule_based_agent_3> stayed within acceptable think time.
2026-08-15 13:17:33,957 [BombeRLeWorld] INFO: Agent <rule_based_agent_1> chose action DOWN in 0.00s.
2026-08-15 13:17:33,957 [BombeRLeWorld] INFO: Agent <rule_based_agent_1> stayed within acceptable think time.
2026-08-15 13:17:33,957 [BombeRLeWorld] INFO: Agent <rule_based_agent_0> chose action DOWN in 0.00s.
2026-08-15 13:17:33,957 [BombeRLeWorld] INFO: Agent <rule_based_agent_0> stayed within acceptable think time.
2026-08-15 13:17:34,055 [BombeRLeWorld] INFO: STARTING STEP 52
2026-08-15 13:17:34,057 [BombeRLeWorld] INFO: Agent <rule_based_agent_1> chose action DOWN in 0.00s.
2026-08-15 13:17:34,057 [BombeRLeWorld] INFO: Agent <rule_based_agent_1> stayed within acceptable think time.
2026-08-15 13:17:34,057 [BombeRLeWorld] INFO: Agent <rule_based_agent_2> chose action LEFT in 0.00s.
2026-08-15 13:17:34,057 [BombeRLeWorld] INFO: Agent <rule_based_agent_2> stayed within acceptable think time.
2026-08-15 13:17:34,057 [BombeRLeWorld] INFO: Agent <rule_based_agent_3> chose action LEFT in 0.00s.
2026-08-15 13:17:34,057 [BombeRLeWorld] INFO: Agent <rule_based_agent_3> stayed within acceptable think time.
2026-08-15 13:17:34,057 [BombeRLeWorld] INFO: Agent <rule_based_agent_0> chose action RIGHT in 0.00s.
2026-08-15 13:17:34,057 [BombeRLeWorld] INFO: Agent <rule_based_agent_0> stayed within acceptable think time.
2026-08-15 13:17:34,155 [BombeRLeWorld] INFO: STARTING STEP 53
2026-08-15 13:17:34,157 [BombeRLeWorld] INFO: Agent <rule_based_agent_2> chose action DOWN in 0.00s.
2026-08-15 13:17:34,157 [BombeRLeWorld] INFO: Agent <rule_based_agent_2> stayed within acceptable think time.
2026-08-15 13:17:34,158 [BombeRLeWorld] INFO: Agent <rule_based_agent_1> chose action DOWN in 0.00s.
2026-08-15 13:17:34,158 [BombeRLeWorld] INFO: Agent <rule_based_agent_1> stayed within acceptable think time.
2026-08-15 13:17:34,158 [BombeRLeWorld] INFO: Agent <rule_based_agent_0> chose action RIGHT in 0.00s.
2026-08-15 13:17:34,158 [BombeRLeWorld] INFO: Agent <rule_based_agent_0> stayed within acceptable think time.
2026-08-15 13:17:34,158 [BombeRLeWorld] INFO: Agent <rule_based_agent_3> chose action RIGHT in 0.00s.
2026-08-15 13:17:34,158 [BombeRLeWorld] INFO: Agent <rule_based_agent_3> stayed within acceptable think time.
2026-08-15 13:17:34,158 [BombeRLeWorld] INFO: Agent <rule_based_agent_1>'s bomb at (np.int64(12), np.int64(9)) explodes
2026-08-15 13:17:34,158 [BombeRLeWorld] INFO: Coin found at (np.int64(11), np.int64(9))
2026-08-15 13:17:34,256 [BombeRLeWorld] INFO: STARTING STEP 54
2026-08-15 13:17:34,258 [BombeRLeWorld] INFO: Agent <rule_based_agent_2> chose action DOWN in 0.00s.
2026-08-15 13:17:34,258 [BombeRLeWorld] INFO: Agent <rule_based_agent_2> stayed within acceptable think time.
2026-08-15 13:17:34,258 [BombeRLeWorld] INFO: Agent <rule_based_agent_0> chose action RIGHT in 0.00s.
2026-08-15 13:17:34,258 [BombeRLeWorld] INFO: Agent <rule_based_agent_0> stayed within acceptable think time.
2026-08-15 13:17:34,258 [BombeRLeWorld] INFO: Agent <rule_based_agent_1> chose action UP in 0.00s.
2026-08-15 13:17:34,258 [BombeRLeWorld] INFO: Agent <rule_based_agent_1> stayed within acceptable think time.
2026-08-15 13:17:34,258 [BombeRLeWorld] INFO: Agent <rule_based_agent_3> chose action BOMB in 0.00s.
2026-08-15 13:17:34,258 [BombeRLeWorld] INFO: Agent <rule_based_agent_3> stayed within acceptable think time.
2026-08-15 13:17:34,258 [BombeRLeWorld] INFO: Agent <rule_based_agent_3> drops bomb at (np.int64(7), np.int64(13))
2026-08-15 13:17:34,258 [BombeRLeWorld] INFO: Agent <rule_based_agent_0>'s bomb at (np.int64(9), np.int64(10)) explodes
2026-08-15 13:17:34,258 [BombeRLeWorld] INFO: Agent <rule_based_agent_2>'s bomb at (np.int64(5), np.int64(7)) explodes
2026-08-15 13:17:34,357 [BombeRLeWorld] INFO: STARTING STEP 55
2026-08-15 13:17:34,358 [BombeRLeWorld] INFO: Agent <rule_based_agent_1> chose action RIGHT in 0.00s.
2026-08-15 13:17:34,358 [BombeRLeWorld] INFO: Agent <rule_based_agent_1> stayed within acceptable think time.
2026-08-15 13:17:34,358 [BombeRLeWorld] INFO: Agent <rule_based_agent_3> chose action LEFT in 0.00s.
2026-08-15 13:17:34,358 [BombeRLeWorld] INFO: Agent <rule_based_agent_3> stayed within acceptable think time.
2026-08-15 13:17:34,358 [BombeRLeWorld] INFO: Agent <rule_based_agent_0> chose action LEFT in 0.00s.
2026-08-15 13:17:34,358 [BombeRLeWorld] INFO: Agent <rule_based_agent_0> stayed within acceptable think time.
2026-08-15 13:17:34,358 [BombeRLeWorld] INFO: Agent <rule_based_agent_2> chose action DOWN in 0.00s.
2026-08-15 13:17:34,359 [BombeRLeWorld] INFO: Agent <rule_based_agent_2> stayed within acceptable think time.
2026-08-15 13:17:34,455 [BombeRLeWorld] INFO: STARTING STEP 56
2026-08-15 13:17:34,457 [BombeRLeWorld] INFO: Agent <rule_based_agent_1> chose action LEFT in 0.00s.
2026-08-15 13:17:34,457 [BombeRLeWorld] INFO: Agent <rule_based_agent_1> stayed within acceptable think time.
2026-08-15 13:17:34,457 [BombeRLeWorld] INFO: Agent <rule_based_agent_3> chose action LEFT in 0.00s.
2026-08-15 13:17:34,457 [BombeRLeWorld] INFO: Agent <rule_based_agent_3> stayed within acceptable think time.
2026-08-15 13:17:34,457 [BombeRLeWorld] INFO: Agent <rule_based_agent_0> chose action RIGHT in 0.00s.
2026-08-15 13:17:34,457 [BombeRLeWorld] INFO: Agent <rule_based_agent_0> stayed within acceptable think time.
2026-08-15 13:17:34,458 [BombeRLeWorld] INFO: Agent <rule_based_agent_2> chose action DOWN in 0.00s.
2026-08-15 13:17:34,458 [BombeRLeWorld] INFO: Agent <rule_based_agent_2> stayed within acceptable think time.
2026-08-15 13:17:34,556 [BombeRLeWorld] INFO: STARTING STEP 57
2026-08-15 13:17:34,557 [BombeRLeWorld] INFO: Agent <rule_based_agent_2> chose action DOWN in 0.00s.
2026-08-15 13:17:34,557 [BombeRLeWorld] INFO: Agent <rule_based_agent_2> stayed within acceptable think time.
2026-08-15 13:17:34,557 [BombeRLeWorld] INFO: Agent <rule_based_agent_0> chose action LEFT in 0.00s.
2026-08-15 13:17:34,557 [BombeRLeWorld] INFO: Agent <rule_based_agent_0> stayed within acceptable think time.
2026-08-15 13:17:34,557 [BombeRLeWorld] INFO: Agent <rule_based_agent_1> chose action BOMB in 0.00s.
2026-08-15 13:17:34,557 [BombeRLeWorld] INFO: Agent <rule_based_agent_1> stayed within acceptable think time.
2026-08-15 13:17:34,557 [BombeRLeWorld] INFO: Agent <rule_based_agent_1> drops bomb at (np.int64(13), np.int64(11))
2026-08-15 13:17:34,557 [BombeRLeWorld] INFO: Agent <rule_based_agent_3> chose action DOWN in 0.00s.
2026-08-15 13:17:34,557 [BombeRLeWorld] INFO: Agent <rule_based_agent_3> stayed within acceptable think time.
2026-08-15 13:17:34,656 [BombeRLeWorld] INFO: STARTING STEP 58
2026-08-15 13:17:34,658 [BombeRLeWorld] INFO: Agent <rule_based_agent_0> chose action DOWN in 0.00s.
2026-08-15 13:17:34,658 [BombeRLeWorld] INFO: Agent <rule_based_agent_0> stayed within acceptable think time.
2026-08-15 13:17:34,658 [BombeRLeWorld] INFO: Agent <rule_based_agent_1> chose action DOWN in 0.00s.
2026-08-15 13:17:34,658 [BombeRLeWorld] INFO: Agent <rule_based_agent_1> stayed within acceptable think time.
2026-08-15 13:17:34,658 [BombeRLeWorld] INFO: Agent <rule_based_agent_2> chose action BOMB in 0.00s.
2026-08-15 13:17:34,658 [BombeRLeWorld] INFO: Agent <rule_based_agent_2> stayed within acceptable think time.
2026-08-15 13:17:34,658 [BombeRLeWorld] INFO: Agent <rule_based_agent_2> drops bomb at (np.int64(3), np.int64(12))
2026-08-15 13:17:34,658 [BombeRLeWorld] INFO: Agent <rule_based_agent_3> chose action DOWN in 0.00s.
2026-08-15 13:17:34,658 [BombeRLeWorld] INFO: Agent <rule_based_agent_3> stayed within acceptable think time.
2026-08-15 13:17:34,658 [BombeRLeWorld] INFO: Agent <rule_based_agent_3>'s bomb at (np.int64(7), np.int64(13)) explodes
2026-08-15 13:17:34,756 [BombeRLeWorld] INFO: STARTING STEP 59
2026-08-15 13:17:34,759 [BombeRLeWorld] INFO: Agent <rule_based_agent_0> chose action UP in 0.00s.
2026-08-15 13:17:34,759 [BombeRLeWorld] INFO: Agent <rule_based_agent_0> stayed within acceptable think time.
2026-08-15 13:17:34,759 [BombeRLeWorld] INFO: Agent <rule_based_agent_2> chose action UP in 0.00s.
2026-08-15 13:17:34,759 [BombeRLeWorld] INFO: Agent <rule_based_agent_2> stayed within acceptable think time.
2026-08-15 13:17:34,759 [BombeRLeWorld] INFO: Agent <rule_based_agent_1> chose action DOWN in 0.00s.
2026-08-15 13:17:34,759 [BombeRLeWorld] INFO: Agent <rule_based_agent_1> stayed within acceptable think time.
2026-08-15 13:17:34,759 [BombeRLeWorld] INFO: Agent <rule_based_agent_3> chose action UP in 0.00s.
2026-08-15 13:17:34,759 [BombeRLeWorld] INFO: Agent <rule_based_agent_3> stayed within acceptable think time.
2026-08-15 13:17:34,856 [BombeRLeWorld] INFO: STARTING STEP 60
2026-08-15 13:17:34,858 [BombeRLeWorld] INFO: Agent <rule_based_agent_1> chose action DOWN in 0.00s.
2026-08-15 13:17:34,858 [BombeRLeWorld] INFO: Agent <rule_based_agent_1> stayed within acceptable think time.
2026-08-15 13:17:34,858 [BombeRLeWorld] INFO: Agent <rule_based_agent_0> chose action DOWN in 0.00s.
2026-08-15 13:17:34,858 [BombeRLeWorld] INFO: Agent <rule_based_agent_0> stayed within acceptable think time.
2026-08-15 13:17:34,858 [BombeRLeWorld] INFO: Agent <rule_based_agent_3> chose action UP in 0.00s.
2026-08-15 13:17:34,858 [BombeRLeWorld] INFO: Agent <rule_based_agent_3> stayed within acceptable think time.
2026-08-15 13:17:34,858 [BombeRLeWorld] INFO: Agent <rule_based_agent_2> chose action UP in 0.00s.
2026-08-15 13:17:34,858 [BombeRLeWorld] INFO: Agent <rule_based_agent_2> stayed within acceptable think time.
2026-08-15 13:17:34,956 [BombeRLeWorld] INFO: STARTING STEP 61
2026-08-15 13:17:34,959 [BombeRLeWorld] INFO: Agent <rule_based_agent_0> chose action DOWN in 0.00s.
2026-08-15 13:17:34,959 [BombeRLeWorld] INFO: Agent <rule_based_agent_0> stayed within acceptable think time.
2026-08-15 13:17:34,959 [BombeRLeWorld] INFO: Agent <rule_based_agent_3> chose action LEFT in 0.00s.
2026-08-15 13:17:34,959 [BombeRLeWorld] INFO: Agent <rule_based_agent_3> stayed within acceptable think time.
2026-08-15 13:17:34,959 [BombeRLeWorld] INFO: Agent <rule_based_agent_1> chose action DOWN in 0.00s.
2026-08-15 13:17:34,959 [BombeRLeWorld] INFO: Agent <rule_based_agent_1> stayed within acceptable think time.
2026-08-15 13:17:34,959 [BombeRLeWorld] INFO: Agent <rule_based_agent_2> chose action UP in 0.00s.
2026-08-15 13:17:34,959 [BombeRLeWorld] INFO: Agent <rule_based_agent_2> stayed within acceptable think time.
2026-08-15 13:17:34,959 [BombeRLeWorld] INFO: Agent <rule_based_agent_1>'s bomb at (np.int64(13), np.int64(11)) explodes
2026-08-15 13:17:35,056 [BombeRLeWorld] INFO: STARTING STEP 62
2026-08-15 13:17:35,058 [BombeRLeWorld] INFO: Agent <rule_based_agent_0> chose action UP in 0.00s.
2026-08-15 13:17:35,058 [BombeRLeWorld] INFO: Agent <rule_based_agent_0> stayed within acceptable think time.
2026-08-15 13:17:35,058 [BombeRLeWorld] INFO: Agent <rule_based_agent_3> chose action BOMB in 0.00s.
2026-08-15 13:17:35,058 [BombeRLeWorld] INFO: Agent <rule_based_agent_3> stayed within acceptable think time.
2026-08-15 13:17:35,058 [BombeRLeWorld] INFO: Agent <rule_based_agent_3> drops bomb at (np.int64(4), np.int64(13))
2026-08-15 13:17:35,058 [BombeRLeWorld] INFO: Agent <rule_based_agent_1> chose action RIGHT in 0.00s.
2026-08-15 13:17:35,058 [BombeRLeWorld] INFO: Agent <rule_based_agent_1> stayed within acceptable think time.
2026-08-15 13:17:35,058 [BombeRLeWorld] INFO: Agent <rule_based_agent_2> chose action RIGHT in 0.00s.
2026-08-15 13:17:35,058 [BombeRLeWorld] INFO: Agent <rule_based_agent_2> stayed within acceptable think time.
2026-08-15 13:17:35,058 [BombeRLeWorld] INFO: Agent <rule_based_agent_2>'s bomb at (np.int64(3), np.int64(12)) explodes
2026-08-15 13:17:35,156 [BombeRLeWorld] INFO: STARTING STEP 63
2026-08-15 13:17:35,158 [BombeRLeWorld] INFO: Agent <rule_based_agent_3> chose action RIGHT in 0.00s.
2026-08-15 13:17:35,158 [BombeRLeWorld] INFO: Agent <rule_based_agent_3> stayed within acceptable think time.
2026-08-15 13:17:35,158 [BombeRLeWorld] INFO: Agent <rule_based_agent_0> chose action UP in 0.00s.
2026-08-15 13:17:35,158 [BombeRLeWorld] INFO: Agent <rule_based_agent_0> stayed within acceptable think time.
2026-08-15 13:17:35,158 [BombeRLeWorld] INFO: Agent <rule_based_agent_1> chose action LEFT in 0.00s.
2026-08-15 13:17:35,158 [BombeRLeWorld] INFO: Agent <rule_based_agent_1> stayed within acceptable think time.
2026-08-15 13:17:35,158 [BombeRLeWorld] INFO: Agent <rule_based_agent_2> chose action RIGHT in 0.00s.
2026-08-15 13:17:35,158 [BombeRLeWorld] INFO: Agent <rule_based_agent_2> stayed within acceptable think time.
2026-08-15 13:17:35,256 [BombeRLeWorld] INFO: STARTING STEP 64
2026-08-15 13:17:35,258 [BombeRLeWorld] INFO: Agent <rule_based_agent_3> chose action DOWN in 0.00s.
2026-08-15 13:17:35,258 [BombeRLeWorld] INFO: Agent <rule_based_agent_3> stayed within acceptable think time.
2026-08-15 13:17:35,258 [BombeRLeWorld] INFO: Agent <rule_based_agent_0> chose action RIGHT in 0.00s.
2026-08-15 13:17:35,258 [BombeRLeWorld] INFO: Agent <rule_based_agent_0> stayed within acceptable think time.
2026-08-15 13:17:35,258 [BombeRLeWorld] INFO: Agent <rule_based_agent_1> chose action LEFT in 0.00s.
2026-08-15 13:17:35,258 [BombeRLeWorld] INFO: Agent <rule_based_agent_1> stayed within acceptable think time.
2026-08-15 13:17:35,258 [BombeRLeWorld] INFO: Agent <rule_based_agent_2> chose action DOWN in 0.00s.
2026-08-15 13:17:35,258 [BombeRLeWorld] INFO: Agent <rule_based_agent_2> stayed within acceptable think time.
2026-08-15 13:17:35,357 [BombeRLeWorld] INFO: STARTING STEP 65
2026-08-15 13:17:35,359 [BombeRLeWorld] INFO: Agent <rule_based_agent_3> chose action UP in 0.00s.
2026-08-15 13:17:35,359 [BombeRLeWorld] INFO: Agent <rule_based_agent_3> stayed within acceptable think time.
2026-08-15 13:17:35,359 [BombeRLeWorld] INFO: Agent <rule_based_agent_0> chose action RIGHT in 0.00s.
2026-08-15 13:17:35,359 [BombeRLeWorld] INFO: Agent <rule_based_agent_0> stayed within acceptable think time.
2026-08-15 13:17:35,359 [BombeRLeWorld] INFO: Agent <rule_based_agent_2> chose action DOWN in 0.00s.
2026-08-15 13:17:35,359 [BombeRLeWorld] INFO: Agent <rule_based_agent_2> stayed within acceptable think time.
2026-08-15 13:17:35,359 [BombeRLeWorld] INFO: Agent <rule_based_agent_1> chose action LEFT in 0.00s.
2026-08-15 13:17:35,359 [BombeRLeWorld] INFO: Agent <rule_based_agent_1> stayed within acceptable think time.
2026-08-15 13:17:35,359 [BombeRLeWorld] INFO: Agent <rule_based_agent_2> picked up coin at (np.int64(5), np.int64(11)) and receives 1 point
2026-08-15 13:17:35,456 [BombeRLeWorld] INFO: STARTING STEP 66
2026-08-15 13:17:35,459 [BombeRLeWorld] INFO: Agent <rule_based_agent_1> chose action UP in 0.00s.
2026-08-15 13:17:35,459 [BombeRLeWorld] INFO: Agent <rule_based_agent_1> stayed within acceptable think time.
2026-08-15 13:17:35,459 [BombeRLeWorld] INFO: Agent <rule_based_agent_3> chose action DOWN in 0.00s.
2026-08-15 13:17:35,459 [BombeRLeWorld] INFO: Agent <rule_based_agent_3> stayed within acceptable think time.
2026-08-15 13:17:35,459 [BombeRLeWorld] INFO: Agent <rule_based_agent_2> chose action DOWN in 0.00s.
2026-08-15 13:17:35,459 [BombeRLeWorld] INFO: Agent <rule_based_agent_2> stayed within acceptable think time.
2026-08-15 13:17:35,459 [BombeRLeWorld] INFO: Agent <rule_based_agent_0> chose action UP in 0.00s.
2026-08-15 13:17:35,459 [BombeRLeWorld] INFO: Agent <rule_based_agent_0> stayed within acceptable think time.
2026-08-15 13:17:35,459 [BombeRLeWorld] INFO: Agent <rule_based_agent_3>'s bomb at (np.int64(4), np.int64(13)) explodes
2026-08-15 13:17:35,556 [BombeRLeWorld] INFO: STARTING STEP 67
2026-08-15 13:17:35,558 [BombeRLeWorld] INFO: Agent <rule_based_agent_1> chose action UP in 0.00s.
2026-08-15 13:17:35,558 [BombeRLeWorld] INFO: Agent <rule_based_agent_1> stayed within acceptable think time.
2026-08-15 13:17:35,558 [BombeRLeWorld] INFO: Agent <rule_based_agent_3> chose action DOWN in 0.00s.
2026-08-15 13:17:35,558 [BombeRLeWorld] INFO: Agent <rule_based_agent_3> stayed within acceptable think time.
2026-08-15 13:17:35,558 [BombeRLeWorld] INFO: Agent <rule_based_agent_2> chose action UP in 0.00s.
2026-08-15 13:17:35,558 [BombeRLeWorld] INFO: Agent <rule_based_agent_2> stayed within acceptable think time.
2026-08-15 13:17:35,558 [BombeRLeWorld] INFO: Agent <rule_based_agent_0> chose action UP in 0.00s.
2026-08-15 13:17:35,558 [BombeRLeWorld] INFO: Agent <rule_based_agent_0> stayed within acceptable think time.
2026-08-15 13:17:35,656 [BombeRLeWorld] INFO: STARTING STEP 68
2026-08-15 13:17:35,659 [BombeRLeWorld] INFO: Agent <rule_based_agent_2> chose action DOWN in 0.00s.
2026-08-15 13:17:35,659 [BombeRLeWorld] INFO: Agent <rule_based_agent_2> stayed within acceptable think time.
2026-08-15 13:17:35,659 [BombeRLeWorld] INFO: Agent <rule_based_agent_3> chose action RIGHT in 0.00s.
2026-08-15 13:17:35,659 [BombeRLeWorld] INFO: Agent <rule_based_agent_3> stayed within acceptable think time.
2026-08-15 13:17:35,659 [BombeRLeWorld] INFO: Agent <rule_based_agent_0> chose action UP in 0.00s.
2026-08-15 13:17:35,659 [BombeRLeWorld] INFO: Agent <rule_based_agent_0> stayed within acceptable think time.
2026-08-15 13:17:35,659 [BombeRLeWorld] INFO: Agent <rule_based_agent_1> chose action UP in 0.00s.
2026-08-15 13:17:35,659 [BombeRLeWorld] INFO: Agent <rule_based_agent_1> stayed within acceptable think time.
2026-08-15 13:17:35,756 [BombeRLeWorld] INFO: STARTING STEP 69
2026-08-15 13:17:35,759 [BombeRLeWorld] INFO: Agent <rule_based_agent_2> chose action DOWN in 0.00s.
2026-08-15 13:17:35,759 [BombeRLeWorld] INFO: Agent <rule_based_agent_2> stayed within acceptable think time.
2026-08-15 13:17:35,759 [BombeRLeWorld] INFO: Agent <rule_based_agent_0> chose action BOMB in 0.00s.
2026-08-15 13:17:35,759 [BombeRLeWorld] INFO: Agent <rule_based_agent_0> stayed within acceptable think time.
2026-08-15 13:17:35,759 [BombeRLeWorld] INFO: Agent <rule_based_agent_0> drops bomb at (np.int64(13), np.int64(8))
2026-08-15 13:17:35,759 [BombeRLeWorld] INFO: Agent <rule_based_agent_3> chose action RIGHT in 0.00s.
2026-08-15 13:17:35,759 [BombeRLeWorld] INFO: Agent <rule_based_agent_3> stayed within acceptable think time.
2026-08-15 13:17:35,759 [BombeRLeWorld] INFO: Agent <rule_based_agent_1> chose action UP in 0.00s.
2026-08-15 13:17:35,759 [BombeRLeWorld] INFO: Agent <rule_based_agent_1> stayed within acceptable think time.
2026-08-15 13:17:35,856 [BombeRLeWorld] INFO: STARTING STEP 70
2026-08-15 13:17:35,859 [BombeRLeWorld] INFO: Agent <rule_based_agent_1> chose action LEFT in 0.00s.
2026-08-15 13:17:35,859 [BombeRLeWorld] INFO: Agent <rule_based_agent_1> stayed within acceptable think time.
2026-08-15 13:17:35,859 [BombeRLeWorld] INFO: Agent <rule_based_agent_2> chose action DOWN in 0.00s.
2026-08-15 13:17:35,859 [BombeRLeWorld] INFO: Agent <rule_based_agent_2> stayed within acceptable think time.
2026-08-15 13:17:35,859 [BombeRLeWorld] INFO: Agent <rule_based_agent_3> chose action UP in 0.00s.
2026-08-15 13:17:35,859 [BombeRLeWorld] INFO: Agent <rule_based_agent_3> stayed within acceptable think time.
2026-08-15 13:17:35,859 [BombeRLeWorld] INFO: Agent <rule_based_agent_0> chose action DOWN in 0.00s.
2026-08-15 13:17:35,859 [BombeRLeWorld] INFO: Agent <rule_based_agent_0> stayed within acceptable think time.
2026-08-15 13:17:35,957 [BombeRLeWorld] INFO: STARTING STEP 71
2026-08-15 13:17:35,959 [BombeRLeWorld] INFO: Agent <rule_based_agent_2> chose action DOWN in 0.00s.
2026-08-15 13:17:35,959 [BombeRLeWorld] INFO: Agent <rule_based_agent_2> stayed within acceptable think time.
2026-08-15 13:17:35,959 [BombeRLeWorld] INFO: Agent <rule_based_agent_1> chose action LEFT in 0.00s.
2026-08-15 13:17:35,959 [BombeRLeWorld] INFO: Agent <rule_based_agent_1> stayed within acceptable think time.
2026-08-15 13:17:35,959 [BombeRLeWorld] INFO: Agent <rule_based_agent_3> chose action UP in 0.00s.
2026-08-15 13:17:35,959 [BombeRLeWorld] INFO: Agent <rule_based_agent_3> stayed within acceptable think time.
2026-08-15 13:17:35,959 [BombeRLeWorld] INFO: Agent <rule_based_agent_0> chose action RIGHT in 0.00s.
2026-08-15 13:17:35,959 [BombeRLeWorld] INFO: Agent <rule_based_agent_0> stayed within acceptable think time.
2026-08-15 13:17:36,057 [BombeRLeWorld] INFO: STARTING STEP 72
2026-08-15 13:17:36,059 [BombeRLeWorld] INFO: Agent <rule_based_agent_1> chose action DOWN in 0.00s.
2026-08-15 13:17:36,059 [BombeRLeWorld] INFO: Agent <rule_based_agent_1> stayed within acceptable think time.
2026-08-15 13:17:36,059 [BombeRLeWorld] INFO: Agent <rule_based_agent_0> chose action LEFT in 0.00s.
2026-08-15 13:17:36,059 [BombeRLeWorld] INFO: Agent <rule_based_agent_0> stayed within acceptable think time.
2026-08-15 13:17:36,059 [BombeRLeWorld] INFO: Agent <rule_based_agent_2> chose action RIGHT in 0.00s.
2026-08-15 13:17:36,059 [BombeRLeWorld] INFO: Agent <rule_based_agent_2> stayed within acceptable think time.
2026-08-15 13:17:36,059 [BombeRLeWorld] INFO: Agent <rule_based_agent_3> chose action UP in 0.00s.
2026-08-15 13:17:36,059 [BombeRLeWorld] INFO: Agent <rule_based_agent_3> stayed within acceptable think time.
2026-08-15 13:17:36,157 [BombeRLeWorld] INFO: STARTING STEP 73
2026-08-15 13:17:36,160 [BombeRLeWorld] INFO: Agent <rule_based_agent_2> chose action RIGHT in 0.00s.
2026-08-15 13:17:36,160 [BombeRLeWorld] INFO: Agent <rule_based_agent_2> stayed within acceptable think time.
2026-08-15 13:17:36,160 [BombeRLeWorld] INFO: Agent <rule_based_agent_0> chose action RIGHT in 0.00s.
2026-08-15 13:17:36,160 [BombeRLeWorld] INFO: Agent <rule_based_agent_0> stayed within acceptable think time.
2026-08-15 13:17:36,160 [BombeRLeWorld] INFO: Agent <rule_based_agent_3> chose action UP in 0.00s.
2026-08-15 13:17:36,160 [BombeRLeWorld] INFO: Agent <rule_based_agent_3> stayed within acceptable think time.
2026-08-15 13:17:36,160 [BombeRLeWorld] INFO: Agent <rule_based_agent_1> chose action DOWN in 0.00s.
2026-08-15 13:17:36,160 [BombeRLeWorld] INFO: Agent <rule_based_agent_1> stayed within acceptable think time.
2026-08-15 13:17:36,160 [BombeRLeWorld] INFO: Agent <rule_based_agent_0>'s bomb at (np.int64(13), np.int64(8)) explodes
2026-08-15 13:17:36,258 [BombeRLeWorld] INFO: STARTING STEP 74
2026-08-15 13:17:36,260 [BombeRLeWorld] INFO: Agent <rule_based_agent_3> chose action UP in 0.00s.
2026-08-15 13:17:36,260 [BombeRLeWorld] INFO: Agent <rule_based_agent_3> stayed within acceptable think time.
2026-08-15 13:17:36,260 [BombeRLeWorld] INFO: Agent <rule_based_agent_0> chose action RIGHT in 0.00s.
2026-08-15 13:17:36,260 [BombeRLeWorld] INFO: Agent <rule_based_agent_0> stayed within acceptable think time.
2026-08-15 13:17:36,260 [BombeRLeWorld] INFO: Agent <rule_based_agent_1> chose action LEFT in 0.00s.
2026-08-15 13:17:36,260 [BombeRLeWorld] INFO: Agent <rule_based_agent_1> stayed within acceptable think time.
2026-08-15 13:17:36,260 [BombeRLeWorld] INFO: Agent <rule_based_agent_2> chose action RIGHT in 0.00s.
2026-08-15 13:17:36,260 [BombeRLeWorld] INFO: Agent <rule_based_agent_2> stayed within acceptable think time.
2026-08-15 13:17:36,358 [BombeRLeWorld] INFO: STARTING STEP 75
2026-08-15 13:17:36,359 [BombeRLeWorld] INFO: Agent <rule_based_agent_1> chose action RIGHT in 0.00s.
2026-08-15 13:17:36,359 [BombeRLeWorld] INFO: Agent <rule_based_agent_1> stayed within acceptable think time.
2026-08-15 13:17:36,359 [BombeRLeWorld] INFO: Agent <rule_based_agent_2> chose action RIGHT in 0.00s.
2026-08-15 13:17:36,359 [BombeRLeWorld] INFO: Agent <rule_based_agent_2> stayed within acceptable think time.
2026-08-15 13:17:36,360 [BombeRLeWorld] INFO: Agent <rule_based_agent_3> chose action UP in 0.00s.
2026-08-15 13:17:36,360 [BombeRLeWorld] INFO: Agent <rule_based_agent_3> stayed within acceptable think time.
2026-08-15 13:17:36,360 [BombeRLeWorld] INFO: Agent <rule_based_agent_0> chose action LEFT in 0.00s.
2026-08-15 13:17:36,360 [BombeRLeWorld] INFO: Agent <rule_based_agent_0> stayed within acceptable think time.
2026-08-15 13:17:36,457 [BombeRLeWorld] INFO: STARTING STEP 76
2026-08-15 13:17:36,459 [BombeRLeWorld] INFO: Agent <rule_based_agent_3> chose action BOMB in 0.00s.
2026-08-15 13:17:36,459 [BombeRLeWorld] INFO: Agent <rule_based_agent_3> stayed within acceptable think time.
2026-08-15 13:17:36,459 [BombeRLeWorld] INFO: Agent <rule_based_agent_3> drops bomb at (np.int64(7), np.int64(9))
2026-08-15 13:17:36,459 [BombeRLeWorld] INFO: Agent <rule_based_agent_0> chose action LEFT in 0.00s.
2026-08-15 13:17:36,459 [BombeRLeWorld] INFO: Agent <rule_based_agent_0> stayed within acceptable think time.
2026-08-15 13:17:36,459 [BombeRLeWorld] INFO: Agent <rule_based_agent_1> chose action DOWN in 0.00s.
2026-08-15 13:17:36,459 [BombeRLeWorld] INFO: Agent <rule_based_agent_1> stayed within acceptable think time.
2026-08-15 13:17:36,459 [BombeRLeWorld] INFO: Agent <rule_based_agent_2> chose action UP in 0.00s.
2026-08-15 13:17:36,459 [BombeRLeWorld] INFO: Agent <rule_based_agent_2> stayed within acceptable think time.
2026-08-15 13:17:36,558 [BombeRLeWorld] INFO: STARTING STEP 77
2026-08-15 13:17:36,559 [BombeRLeWorld] INFO: Agent <rule_based_agent_2> chose action BOMB in 0.00s.
2026-08-15 13:17:36,559 [BombeRLeWorld] INFO: Agent <rule_based_agent_2> stayed within acceptable think time.
2026-08-15 13:17:36,560 [BombeRLeWorld] INFO: Agent <rule_based_agent_2> drops bomb at (np.int64(9), np.int64(15))
2026-08-15 13:17:36,560 [BombeRLeWorld] INFO: Agent <rule_based_agent_1> chose action BOMB in 0.00s.
2026-08-15 13:17:36,560 [BombeRLeWorld] INFO: Agent <rule_based_agent_1> stayed within acceptable think time.
2026-08-15 13:17:36,560 [BombeRLeWorld] INFO: Agent <rule_based_agent_1> drops bomb at (np.int64(9), np.int64(14))
2026-08-15 13:17:36,560 [BombeRLeWorld] INFO: Agent <rule_based_agent_0> chose action LEFT in 0.00s.
2026-08-15 13:17:36,560 [BombeRLeWorld] INFO: Agent <rule_based_agent_0> stayed within acceptable think time.
2026-08-15 13:17:36,560 [BombeRLeWorld] INFO: Agent <rule_based_agent_3> chose action DOWN in 0.00s.
2026-08-15 13:17:36,560 [BombeRLeWorld] INFO: Agent <rule_based_agent_3> stayed within acceptable think time.
2026-08-15 13:17:36,658 [BombeRLeWorld] INFO: STARTING STEP 78
2026-08-15 13:17:36,661 [BombeRLeWorld] INFO: Agent <rule_based_agent_0> chose action LEFT in 0.00s.
2026-08-15 13:17:36,661 [BombeRLeWorld] INFO: Agent <rule_based_agent_0> stayed within acceptable think time.
2026-08-15 13:17:36,661 [BombeRLeWorld] INFO: Agent <rule_based_agent_3> chose action DOWN in 0.00s.
2026-08-15 13:17:36,661 [BombeRLeWorld] INFO: Agent <rule_based_agent_3> stayed within acceptable think time.
2026-08-15 13:17:36,661 [BombeRLeWorld] INFO: Agent <rule_based_agent_1> chose action UP in 0.00s.
2026-08-15 13:17:36,661 [BombeRLeWorld] INFO: Agent <rule_based_agent_1> stayed within acceptable think time.
2026-08-15 13:17:36,661 [BombeRLeWorld] INFO: Agent <rule_based_agent_2> chose action RIGHT in 0.00s.
2026-08-15 13:17:36,661 [BombeRLeWorld] INFO: Agent <rule_based_agent_2> stayed within acceptable think time.
2026-08-15 13:17:36,661 [BombeRLeWorld] INFO: Agent <rule_based_agent_0> picked up coin at (np.int64(11), np.int64(9)) and receives 1 point
2026-08-15 13:17:36,758 [BombeRLeWorld] INFO: STARTING STEP 79
2026-08-15 13:17:36,759 [BombeRLeWorld] INFO: Agent <rule_based_agent_0> chose action UP in 0.00s.
2026-08-15 13:17:36,760 [BombeRLeWorld] INFO: Agent <rule_based_agent_0> stayed within acceptable think time.
2026-08-15 13:17:36,760 [BombeRLeWorld] INFO: Agent <rule_based_agent_1> chose action RIGHT in 0.00s.
2026-08-15 13:17:36,760 [BombeRLeWorld] INFO: Agent <rule_based_agent_1> stayed within acceptable think time.
2026-08-15 13:17:36,760 [BombeRLeWorld] INFO: Agent <rule_based_agent_2> chose action RIGHT in 0.00s.
2026-08-15 13:17:36,760 [BombeRLeWorld] INFO: Agent <rule_based_agent_2> stayed within acceptable think time.
2026-08-15 13:17:36,760 [BombeRLeWorld] INFO: Agent <rule_based_agent_3> chose action DOWN in 0.00s.
2026-08-15 13:17:36,760 [BombeRLeWorld] INFO: Agent <rule_based_agent_3> stayed within acceptable think time.
2026-08-15 13:17:36,858 [BombeRLeWorld] INFO: STARTING STEP 80
2026-08-15 13:17:36,860 [BombeRLeWorld] INFO: Agent <rule_based_agent_3> chose action DOWN in 0.00s.
2026-08-15 13:17:36,860 [BombeRLeWorld] INFO: Agent <rule_based_agent_3> stayed within acceptable think time.
2026-08-15 13:17:36,860 [BombeRLeWorld] INFO: Agent <rule_based_agent_1> chose action RIGHT in 0.00s.
2026-08-15 13:17:36,860 [BombeRLeWorld] INFO: Agent <rule_based_agent_1> stayed within acceptable think time.
2026-08-15 13:17:36,860 [BombeRLeWorld] INFO: Agent <rule_based_agent_2> chose action UP in 0.00s.
2026-08-15 13:17:36,860 [BombeRLeWorld] INFO: Agent <rule_based_agent_2> stayed within acceptable think time.
2026-08-15 13:17:36,860 [BombeRLeWorld] INFO: Agent <rule_based_agent_0> chose action BOMB in 0.00s.
2026-08-15 13:17:36,860 [BombeRLeWorld] INFO: Agent <rule_based_agent_0> stayed within acceptable think time.
2026-08-15 13:17:36,860 [BombeRLeWorld] INFO: Agent <rule_based_agent_0> drops bomb at (np.int64(11), np.int64(8))
2026-08-15 13:17:36,860 [BombeRLeWorld] INFO: Agent <rule_based_agent_3>'s bomb at (np.int64(7), np.int64(9)) explodes
2026-08-15 13:17:36,860 [BombeRLeWorld] INFO: Coin found at (np.int64(8), np.int64(9))
2026-08-15 13:17:36,958 [BombeRLeWorld] INFO: STARTING STEP 81
2026-08-15 13:17:36,960 [BombeRLeWorld] INFO: Agent <rule_based_agent_0> chose action DOWN in 0.00s.
2026-08-15 13:17:36,960 [BombeRLeWorld] INFO: Agent <rule_based_agent_0> stayed within acceptable think time.
2026-08-15 13:17:36,960 [BombeRLeWorld] INFO: Agent <rule_based_agent_1> chose action LEFT in 0.00s.
2026-08-15 13:17:36,960 [BombeRLeWorld] INFO: Agent <rule_based_agent_1> stayed within acceptable think time.
2026-08-15 13:17:36,960 [BombeRLeWorld] INFO: Agent <rule_based_agent_3> chose action RIGHT in 0.00s.
2026-08-15 13:17:36,960 [BombeRLeWorld] INFO: Agent <rule_based_agent_3> stayed within acceptable think time.
2026-08-15 13:17:36,960 [BombeRLeWorld] INFO: Agent <rule_based_agent_2> chose action None in 0.00s.
2026-08-15 13:17:36,960 [BombeRLeWorld] INFO: Agent <rule_based_agent_2> stayed within acceptable think time.
2026-08-15 13:17:36,960 [BombeRLeWorld] INFO: Agent <rule_based_agent_2>'s bomb at (np.int64(9), np.int64(15)) explodes
2026-08-15 13:17:36,961 [BombeRLeWorld] INFO: Agent <rule_based_agent_1>'s bomb at (np.int64(9), np.int64(14)) explodes
2026-08-15 13:17:37,059 [BombeRLeWorld] INFO: STARTING STEP 82
2026-08-15 13:17:37,061 [BombeRLeWorld] INFO: Agent <rule_based_agent_2> chose action UP in 0.00s.
2026-08-15 13:17:37,061 [BombeRLeWorld] INFO: Agent <rule_based_agent_2> stayed within acceptable think time.
2026-08-15 13:17:37,061 [BombeRLeWorld] INFO: Agent <rule_based_agent_0> chose action RIGHT in 0.00s.
2026-08-15 13:17:37,061 [BombeRLeWorld] INFO: Agent <rule_based_agent_0> stayed within acceptable think time.
2026-08-15 13:17:37,061 [BombeRLeWorld] INFO: Agent <rule_based_agent_3> chose action LEFT in 0.00s.
2026-08-15 13:17:37,061 [BombeRLeWorld] INFO: Agent <rule_based_agent_3> stayed within acceptable think time.
2026-08-15 13:17:37,062 [BombeRLeWorld] INFO: Agent <rule_based_agent_1> chose action RIGHT in 0.00s.
2026-08-15 13:17:37,062 [BombeRLeWorld] INFO: Agent <rule_based_agent_1> stayed within acceptable think time.
2026-08-15 13:17:37,159 [BombeRLeWorld] INFO: STARTING STEP 83
2026-08-15 13:17:37,161 [BombeRLeWorld] INFO: Agent <rule_based_agent_2> chose action UP in 0.00s.
2026-08-15 13:17:37,161 [BombeRLeWorld] INFO: Agent <rule_based_agent_2> stayed within acceptable think time.
2026-08-15 13:17:37,161 [BombeRLeWorld] INFO: Agent <rule_based_agent_3> chose action RIGHT in 0.00s.
2026-08-15 13:17:37,161 [BombeRLeWorld] INFO: Agent <rule_based_agent_3> stayed within acceptable think time.
2026-08-15 13:17:37,161 [BombeRLeWorld] INFO: Agent <rule_based_agent_0> chose action LEFT in 0.00s.
2026-08-15 13:17:37,161 [BombeRLeWorld] INFO: Agent <rule_based_agent_0> stayed within acceptable think time.
2026-08-15 13:17:37,161 [BombeRLeWorld] INFO: Agent <rule_based_agent_1> chose action LEFT in 0.00s.
2026-08-15 13:17:37,161 [BombeRLeWorld] INFO: Agent <rule_based_agent_1> stayed within acceptable think time.
2026-08-15 13:17:37,259 [BombeRLeWorld] INFO: STARTING STEP 84
2026-08-15 13:17:37,260 [BombeRLeWorld] INFO: Agent <rule_based_agent_3> chose action BOMB in 0.00s.
2026-08-15 13:17:37,260 [BombeRLeWorld] INFO: Agent <rule_based_agent_3> stayed within acceptable think time.
2026-08-15 13:17:37,260 [BombeRLeWorld] INFO: Agent <rule_based_agent_3> drops bomb at (np.int64(8), np.int64(13))
2026-08-15 13:17:37,261 [BombeRLeWorld] INFO: Agent <rule_based_agent_1> chose action BOMB in 0.00s.
2026-08-15 13:17:37,261 [BombeRLeWorld] INFO: Agent <rule_based_agent_1> stayed within acceptable think time.
2026-08-15 13:17:37,261 [BombeRLeWorld] INFO: Agent <rule_based_agent_1> drops bomb at (np.int64(9), np.int64(13))
2026-08-15 13:17:37,261 [BombeRLeWorld] INFO: Agent <rule_based_agent_2> chose action DOWN in 0.00s.
2026-08-15 13:17:37,261 [BombeRLeWorld] INFO: Agent <rule_based_agent_2> stayed within acceptable think time.
2026-08-15 13:17:37,261 [BombeRLeWorld] INFO: Agent <rule_based_agent_0> chose action RIGHT in 0.00s.
2026-08-15 13:17:37,261 [BombeRLeWorld] INFO: Agent <rule_based_agent_0> stayed within acceptable think time.
2026-08-15 13:17:37,261 [BombeRLeWorld] INFO: Agent <rule_based_agent_0>'s bomb at (np.int64(11), np.int64(8)) explodes
2026-08-15 13:17:37,359 [BombeRLeWorld] INFO: STARTING STEP 85
2026-08-15 13:17:37,361 [BombeRLeWorld] INFO: Agent <rule_based_agent_1> chose action DOWN in 0.00s.
2026-08-15 13:17:37,361 [BombeRLeWorld] INFO: Agent <rule_based_agent_1> stayed within acceptable think time.
2026-08-15 13:17:37,361 [BombeRLeWorld] INFO: Agent <rule_based_agent_0> chose action RIGHT in 0.00s.
2026-08-15 13:17:37,361 [BombeRLeWorld] INFO: Agent <rule_based_agent_0> stayed within acceptable think time.
2026-08-15 13:17:37,361 [BombeRLeWorld] INFO: Agent <rule_based_agent_3> chose action LEFT in 0.00s.
2026-08-15 13:17:37,361 [BombeRLeWorld] INFO: Agent <rule_based_agent_3> stayed within acceptable think time.
2026-08-15 13:17:37,361 [BombeRLeWorld] INFO: Agent <rule_based_agent_2> chose action DOWN in 0.00s.
2026-08-15 13:17:37,361 [BombeRLeWorld] INFO: Agent <rule_based_agent_2> stayed within acceptable think time.
2026-08-15 13:17:37,459 [BombeRLeWorld] INFO: STARTING STEP 86
2026-08-15 13:17:37,462 [BombeRLeWorld] INFO: Agent <rule_based_agent_1> chose action DOWN in 0.00s.
2026-08-15 13:17:37,462 [BombeRLeWorld] INFO: Agent <rule_based_agent_1> stayed within acceptable think time.
2026-08-15 13:17:37,462 [BombeRLeWorld] INFO: Agent <rule_based_agent_3> chose action DOWN in 0.00s.
2026-08-15 13:17:37,462 [BombeRLeWorld] INFO: Agent <rule_based_agent_3> stayed within acceptable think time.
2026-08-15 13:17:37,462 [BombeRLeWorld] INFO: Agent <rule_based_agent_2> chose action UP in 0.00s.
2026-08-15 13:17:37,462 [BombeRLeWorld] INFO: Agent <rule_based_agent_2> stayed within acceptable think time.
2026-08-15 13:17:37,462 [BombeRLeWorld] INFO: Agent <rule_based_agent_0> chose action LEFT in 0.00s.
2026-08-15 13:17:37,462 [BombeRLeWorld] INFO: Agent <rule_based_agent_0> stayed within acceptable think time.
2026-08-15 13:17:37,559 [BombeRLeWorld] INFO: STARTING STEP 87
2026-08-15 13:17:37,562 [BombeRLeWorld] INFO: Agent <rule_based_agent_0> chose action LEFT in 0.00s.
2026-08-15 13:17:37,562 [BombeRLeWorld] INFO: Agent <rule_based_agent_0> stayed within acceptable think time.
2026-08-15 13:17:37,562 [BombeRLeWorld] INFO: Agent <rule_based_agent_2> chose action DOWN in 0.00s.
2026-08-15 13:17:37,562 [BombeRLeWorld] INFO: Agent <rule_based_agent_2> stayed within acceptable think time.
2026-08-15 13:17:37,562 [BombeRLeWorld] INFO: Agent <rule_based_agent_1> chose action RIGHT in 0.00s.
2026-08-15 13:17:37,562 [BombeRLeWorld] INFO: Agent <rule_based_agent_1> stayed within acceptable think time.
2026-08-15 13:17:37,562 [BombeRLeWorld] INFO: Agent <rule_based_agent_3> chose action UP in 0.00s.
2026-08-15 13:17:37,562 [BombeRLeWorld] INFO: Agent <rule_based_agent_3> stayed within acceptable think time.
2026-08-15 13:17:37,658 [BombeRLeWorld] INFO: STARTING STEP 88
2026-08-15 13:17:37,661 [BombeRLeWorld] INFO: Agent <rule_based_agent_0> chose action LEFT in 0.00s.
2026-08-15 13:17:37,661 [BombeRLeWorld] INFO: Agent <rule_based_agent_0> stayed within acceptable think time.
2026-08-15 13:17:37,661 [BombeRLeWorld] INFO: Agent <rule_based_agent_1> chose action RIGHT in 0.00s.
2026-08-15 13:17:37,661 [BombeRLeWorld] INFO: Agent <rule_based_agent_1> stayed within acceptable think time.
2026-08-15 13:17:37,661 [BombeRLeWorld] INFO: Agent <rule_based_agent_2> chose action DOWN in 0.00s.
2026-08-15 13:17:37,661 [BombeRLeWorld] INFO: Agent <rule_based_agent_2> stayed within acceptable think time.
2026-08-15 13:17:37,661 [BombeRLeWorld] INFO: Agent <rule_based_agent_3> chose action DOWN in 0.00s.
2026-08-15 13:17:37,661 [BombeRLeWorld] INFO: Agent <rule_based_agent_3> stayed within acceptable think time.
2026-08-15 13:17:37,661 [BombeRLeWorld] INFO: Agent <rule_based_agent_3>'s bomb at (np.int64(8), np.int64(13)) explodes
2026-08-15 13:17:37,661 [BombeRLeWorld] INFO: Agent <rule_based_agent_1>'s bomb at (np.int64(9), np.int64(13)) explodes
2026-08-15 13:17:37,760 [BombeRLeWorld] INFO: STARTING STEP 89
2026-08-15 13:17:37,763 [BombeRLeWorld] INFO: Agent <rule_based_agent_0> chose action LEFT in 0.00s.
2026-08-15 13:17:37,763 [BombeRLeWorld] INFO: Agent <rule_based_agent_0> stayed within acceptable think time.
2026-08-15 13:17:37,763 [BombeRLeWorld] INFO: Agent <rule_based_agent_2> chose action BOMB in 0.00s.
2026-08-15 13:17:37,763 [BombeRLeWorld] INFO: Agent <rule_based_agent_2> stayed within acceptable think time.
2026-08-15 13:17:37,763 [BombeRLeWorld] INFO: Agent <rule_based_agent_2> drops bomb at (np.int64(11), np.int64(14))
2026-08-15 13:17:37,763 [BombeRLeWorld] INFO: Agent <rule_based_agent_1> chose action LEFT in 0.00s.
2026-08-15 13:17:37,763 [BombeRLeWorld] INFO: Agent <rule_based_agent_1> stayed within acceptable think time.
2026-08-15 13:17:37,763 [BombeRLeWorld] INFO: Agent <rule_based_agent_3> chose action DOWN in 0.00s.
2026-08-15 13:17:37,763 [BombeRLeWorld] INFO: Agent <rule_based_agent_3> stayed within acceptable think time.
2026-08-15 13:17:37,859 [BombeRLeWorld] INFO: STARTING STEP 90
2026-08-15 13:17:37,863 [BombeRLeWorld] INFO: Agent <rule_based_agent_1> chose action LEFT in 0.00s.
2026-08-15 13:17:37,863 [BombeRLeWorld] INFO: Agent <rule_based_agent_1> stayed within acceptable think time.
2026-08-15 13:17:37,863 [BombeRLeWorld] INFO: Agent <rule_based_agent_2> chose action DOWN in 0.00s.
2026-08-15 13:17:37,863 [BombeRLeWorld] INFO: Agent <rule_based_agent_2> stayed within acceptable think time.
2026-08-15 13:17:37,863 [BombeRLeWorld] INFO: Agent <rule_based_agent_3> chose action UP in 0.00s.
2026-08-15 13:17:37,863 [BombeRLeWorld] INFO: Agent <rule_based_agent_3> stayed within acceptable think time.
2026-08-15 13:17:37,863 [BombeRLeWorld] INFO: Agent <rule_based_agent_0> chose action LEFT in 0.00s.
2026-08-15 13:17:37,863 [BombeRLeWorld] INFO: Agent <rule_based_agent_0> stayed within acceptable think time.
2026-08-15 13:17:37,863 [BombeRLeWorld] INFO: Agent <rule_based_agent_0> picked up coin at (np.int64(8), np.int64(9)) and receives 1 point
2026-08-15 13:17:37,960 [BombeRLeWorld] INFO: STARTING STEP 91
2026-08-15 13:17:37,963 [BombeRLeWorld] INFO: Agent <rule_based_agent_2> chose action RIGHT in 0.00s.
2026-08-15 13:17:37,963 [BombeRLeWorld] INFO: Agent <rule_based_agent_2> stayed within acceptable think time.
2026-08-15 13:17:37,963 [BombeRLeWorld] INFO: Agent <rule_based_agent_3> chose action UP in 0.00s.
2026-08-15 13:17:37,963 [BombeRLeWorld] INFO: Agent <rule_based_agent_3> stayed within acceptable think time.
2026-08-15 13:17:37,963 [BombeRLeWorld] INFO: Agent <rule_based_agent_0> chose action LEFT in 0.00s.
2026-08-15 13:17:37,963 [BombeRLeWorld] INFO: Agent <rule_based_agent_0> stayed within acceptable think time.
2026-08-15 13:17:37,963 [BombeRLeWorld] INFO: Agent <rule_based_agent_1> chose action RIGHT in 0.00s.
2026-08-15 13:17:37,963 [BombeRLeWorld] INFO: Agent <rule_based_agent_1> stayed within acceptable think time.
2026-08-15 13:17:38,059 [BombeRLeWorld] INFO: STARTING STEP 92
2026-08-15 13:17:38,062 [BombeRLeWorld] INFO: Agent <rule_based_agent_2> chose action LEFT in 0.00s.
2026-08-15 13:17:38,062 [BombeRLeWorld] INFO: Agent <rule_based_agent_2> stayed within acceptable think time.
2026-08-15 13:17:38,062 [BombeRLeWorld] INFO: Agent <rule_based_agent_3> chose action LEFT in 0.00s.
2026-08-15 13:17:38,062 [BombeRLeWorld] INFO: Agent <rule_based_agent_3> stayed within acceptable think time.
2026-08-15 13:17:38,062 [BombeRLeWorld] INFO: Agent <rule_based_agent_1> chose action RIGHT in 0.00s.
2026-08-15 13:17:38,062 [BombeRLeWorld] INFO: Agent <rule_based_agent_1> stayed within acceptable think time.
2026-08-15 13:17:38,062 [BombeRLeWorld] INFO: Agent <rule_based_agent_0> chose action UP in 0.00s.
2026-08-15 13:17:38,062 [BombeRLeWorld] INFO: Agent <rule_based_agent_0> stayed within acceptable think time.
2026-08-15 13:17:38,159 [BombeRLeWorld] INFO: STARTING STEP 93
2026-08-15 13:17:38,163 [BombeRLeWorld] INFO: Agent <rule_based_agent_3> chose action LEFT in 0.00s.
2026-08-15 13:17:38,163 [BombeRLeWorld] INFO: Agent <rule_based_agent_3> stayed within acceptable think time.
2026-08-15 13:17:38,163 [BombeRLeWorld] INFO: Agent <rule_based_agent_1> chose action BOMB in 0.00s.
2026-08-15 13:17:38,163 [BombeRLeWorld] INFO: Agent <rule_based_agent_1> stayed within acceptable think time.
2026-08-15 13:17:38,164 [BombeRLeWorld] INFO: Agent <rule_based_agent_1> drops bomb at (np.int64(10), np.int64(15))
2026-08-15 13:17:38,164 [BombeRLeWorld] INFO: Agent <rule_based_agent_0> chose action UP in 0.00s.
2026-08-15 13:17:38,164 [BombeRLeWorld] INFO: Agent <rule_based_agent_0> stayed within acceptable think time.
2026-08-15 13:17:38,164 [BombeRLeWorld] INFO: Agent <rule_based_agent_2> chose action RIGHT in 0.00s.
2026-08-15 13:17:38,164 [BombeRLeWorld] INFO: Agent <rule_based_agent_2> stayed within acceptable think time.
2026-08-15 13:17:38,164 [BombeRLeWorld] INFO: Agent <rule_based_agent_2>'s bomb at (np.int64(11), np.int64(14)) explodes
2026-08-15 13:17:38,260 [BombeRLeWorld] INFO: STARTING STEP 94
2026-08-15 13:17:38,265 [BombeRLeWorld] INFO: Agent <rule_based_agent_3> chose action UP in 0.00s.
2026-08-15 13:17:38,265 [BombeRLeWorld] INFO: Agent <rule_based_agent_3> stayed within acceptable think time.
2026-08-15 13:17:38,265 [BombeRLeWorld] INFO: Agent <rule_based_agent_1> chose action LEFT in 0.00s.
2026-08-15 13:17:38,265 [BombeRLeWorld] INFO: Agent <rule_based_agent_1> stayed within acceptable think time.
2026-08-15 13:17:38,265 [BombeRLeWorld] INFO: Agent <rule_based_agent_0> chose action UP in 0.00s.
2026-08-15 13:17:38,265 [BombeRLeWorld] INFO: Agent <rule_based_agent_0> stayed within acceptable think time.
2026-08-15 13:17:38,265 [BombeRLeWorld] INFO: Agent <rule_based_agent_2> chose action RIGHT in 0.00s.
2026-08-15 13:17:38,265 [BombeRLeWorld] INFO: Agent <rule_based_agent_2> stayed within acceptable think time.
2026-08-15 13:17:38,360 [BombeRLeWorld] INFO: STARTING STEP 95
2026-08-15 13:17:38,364 [BombeRLeWorld] INFO: Agent <rule_based_agent_3> chose action UP in 0.00s.
2026-08-15 13:17:38,364 [BombeRLeWorld] INFO: Agent <rule_based_agent_3> stayed within acceptable think time.
2026-08-15 13:17:38,364 [BombeRLeWorld] INFO: Agent <rule_based_agent_0> chose action BOMB in 0.00s.
2026-08-15 13:17:38,364 [BombeRLeWorld] INFO: Agent <rule_based_agent_0> stayed within acceptable think time.
2026-08-15 13:17:38,364 [BombeRLeWorld] INFO: Agent <rule_based_agent_0> drops bomb at (np.int64(7), np.int64(6))
2026-08-15 13:17:38,364 [BombeRLeWorld] INFO: Agent <rule_based_agent_2> chose action UP in 0.00s.
2026-08-15 13:17:38,364 [BombeRLeWorld] INFO: Agent <rule_based_agent_2> stayed within acceptable think time.
2026-08-15 13:17:38,364 [BombeRLeWorld] INFO: Agent <rule_based_agent_1> chose action UP in 0.00s.
2026-08-15 13:17:38,364 [BombeRLeWorld] INFO: Agent <rule_based_agent_1> stayed within acceptable think time.
2026-08-15 13:17:38,460 [BombeRLeWorld] INFO: STARTING STEP 96
2026-08-15 13:17:38,465 [BombeRLeWorld] INFO: Agent <rule_based_agent_3> chose action UP in 0.00s.
2026-08-15 13:17:38,465 [BombeRLeWorld] INFO: Agent <rule_based_agent_3> stayed within acceptable think time.
2026-08-15 13:17:38,465 [BombeRLeWorld] INFO: Agent <rule_based_agent_0> chose action DOWN in 0.00s.
2026-08-15 13:17:38,465 [BombeRLeWorld] INFO: Agent <rule_based_agent_0> stayed within acceptable think time.
2026-08-15 13:17:38,465 [BombeRLeWorld] INFO: Agent <rule_based_agent_1> chose action UP in 0.00s.
2026-08-15 13:17:38,465 [BombeRLeWorld] INFO: Agent <rule_based_agent_1> stayed within acceptable think time.
2026-08-15 13:17:38,465 [BombeRLeWorld] INFO: Agent <rule_based_agent_2> chose action UP in 0.00s.
2026-08-15 13:17:38,465 [BombeRLeWorld] INFO: Agent <rule_based_agent_2> stayed within acceptable think time.
2026-08-15 13:17:38,560 [BombeRLeWorld] INFO: STARTING STEP 97
2026-08-15 13:17:38,563 [BombeRLeWorld] INFO: Agent <rule_based_agent_3> chose action UP in 0.00s.
2026-08-15 13:17:38,563 [BombeRLeWorld] INFO: Agent <rule_based_agent_3> stayed within acceptable think time.
2026-08-15 13:17:38,564 [BombeRLeWorld] INFO: Agent <rule_based_agent_1> chose action UP in 0.00s.
2026-08-15 13:17:38,564 [BombeRLeWorld] INFO: Agent <rule_based_agent_1> stayed within acceptable think time.
2026-08-15 13:17:38,564 [BombeRLeWorld] INFO: Agent <rule_based_agent_2> chose action LEFT in 0.00s.
2026-08-15 13:17:38,564 [BombeRLeWorld] INFO: Agent <rule_based_agent_2> stayed within acceptable think time.
2026-08-15 13:17:38,564 [BombeRLeWorld] INFO: Agent <rule_based_agent_0> chose action RIGHT in 0.00s.
2026-08-15 13:17:38,564 [BombeRLeWorld] INFO: Agent <rule_based_agent_0> stayed within acceptable think time.
2026-08-15 13:17:38,564 [BombeRLeWorld] INFO: Agent <rule_based_agent_1>'s bomb at (np.int64(10), np.int64(15)) explodes
2026-08-15 13:17:38,660 [BombeRLeWorld] INFO: STARTING STEP 98
2026-08-15 13:17:38,663 [BombeRLeWorld] INFO: Agent <rule_based_agent_1> chose action UP in 0.00s.
2026-08-15 13:17:38,663 [BombeRLeWorld] INFO: Agent <rule_based_agent_1> stayed within acceptable think time.
2026-08-15 13:17:38,663 [BombeRLeWorld] INFO: Agent <rule_based_agent_0> chose action LEFT in 0.00s.
2026-08-15 13:17:38,663 [BombeRLeWorld] INFO: Agent <rule_based_agent_0> stayed within acceptable think time.
2026-08-15 13:17:38,663 [BombeRLeWorld] INFO: Agent <rule_based_agent_2> chose action LEFT in 0.00s.
2026-08-15 13:17:38,663 [BombeRLeWorld] INFO: Agent <rule_based_agent_2> stayed within acceptable think time.
2026-08-15 13:17:38,663 [BombeRLeWorld] INFO: Agent <rule_based_agent_3> chose action RIGHT in 0.00s.
2026-08-15 13:17:38,663 [BombeRLeWorld] INFO: Agent <rule_based_agent_3> stayed within acceptable think time.
2026-08-15 13:17:38,760 [BombeRLeWorld] INFO: STARTING STEP 99
2026-08-15 13:17:38,764 [BombeRLeWorld] INFO: Agent <rule_based_agent_0> chose action RIGHT in 0.00s.
2026-08-15 13:17:38,764 [BombeRLeWorld] INFO: Agent <rule_based_agent_0> stayed within acceptable think time.
2026-08-15 13:17:38,764 [BombeRLeWorld] INFO: Agent <rule_based_agent_3> chose action LEFT in 0.00s.
2026-08-15 13:17:38,764 [BombeRLeWorld] INFO: Agent <rule_based_agent_3> stayed within acceptable think time.
2026-08-15 13:17:38,764 [BombeRLeWorld] INFO: Agent <rule_based_agent_2> chose action UP in 0.00s.
2026-08-15 13:17:38,764 [BombeRLeWorld] INFO: Agent <rule_based_agent_2> stayed within acceptable think time.
2026-08-15 13:17:38,764 [BombeRLeWorld] INFO: Agent <rule_based_agent_1> chose action UP in 0.00s.
2026-08-15 13:17:38,764 [BombeRLeWorld] INFO: Agent <rule_based_agent_1> stayed within acceptable think time.
2026-08-15 13:17:38,764 [BombeRLeWorld] INFO: Agent <rule_based_agent_0>'s bomb at (np.int64(7), np.int64(6)) explodes
2026-08-15 13:17:38,764 [BombeRLeWorld] INFO: Coin found at (np.int64(7), np.int64(5))
2026-08-15 13:17:38,860 [BombeRLeWorld] INFO: STARTING STEP 100
2026-08-15 13:17:38,864 [BombeRLeWorld] INFO: Agent <rule_based_agent_1> chose action UP in 0.00s.
2026-08-15 13:17:38,864 [BombeRLeWorld] INFO: Agent <rule_based_agent_1> stayed within acceptable think time.
2026-08-15 13:17:38,864 [BombeRLeWorld] INFO: Agent <rule_based_agent_3> chose action RIGHT in 0.00s.
2026-08-15 13:17:38,864 [BombeRLeWorld] INFO: Agent <rule_based_agent_3> stayed within acceptable think time.
2026-08-15 13:17:38,864 [BombeRLeWorld] INFO: Agent <rule_based_agent_2> chose action UP in 0.00s.
2026-08-15 13:17:38,864 [BombeRLeWorld] INFO: Agent <rule_based_agent_2> stayed within acceptable think time.
2026-08-15 13:17:38,864 [BombeRLeWorld] INFO: Agent <rule_based_agent_0> chose action RIGHT in 0.00s.
2026-08-15 13:17:38,864 [BombeRLeWorld] INFO: Agent <rule_based_agent_0> stayed within acceptable think time.
2026-08-15 13:17:38,961 [BombeRLeWorld] INFO: STARTING STEP 101
2026-08-15 13:17:38,963 [BombeRLeWorld] INFO: Agent <rule_based_agent_0> chose action DOWN in 0.00s.
2026-08-15 13:17:38,963 [BombeRLeWorld] INFO: Agent <rule_based_agent_0> stayed within acceptable think time.
2026-08-15 13:17:38,963 [BombeRLeWorld] INFO: Agent <rule_based_agent_2> chose action UP in 0.00s.
2026-08-15 13:17:38,963 [BombeRLeWorld] INFO: Agent <rule_based_agent_2> stayed within acceptable think time.
2026-08-15 13:17:38,963 [BombeRLeWorld] INFO: Agent <rule_based_agent_3> chose action RIGHT in 0.00s.
2026-08-15 13:17:38,963 [BombeRLeWorld] INFO: Agent <rule_based_agent_3> stayed within acceptable think time.
2026-08-15 13:17:38,963 [BombeRLeWorld] INFO: Agent <rule_based_agent_1> chose action LEFT in 0.00s.
2026-08-15 13:17:38,963 [BombeRLeWorld] INFO: Agent <rule_based_agent_1> stayed within acceptable think time.
2026-08-15 13:17:39,061 [BombeRLeWorld] INFO: STARTING STEP 102
2026-08-15 13:17:39,063 [BombeRLeWorld] INFO: Agent <rule_based_agent_1> chose action BOMB in 0.00s.
2026-08-15 13:17:39,063 [BombeRLeWorld] INFO: Agent <rule_based_agent_1> stayed within acceptable think time.
2026-08-15 13:17:39,063 [BombeRLeWorld] INFO: Agent <rule_based_agent_1> drops bomb at (np.int64(8), np.int64(9))
2026-08-15 13:17:39,063 [BombeRLeWorld] INFO: Agent <rule_based_agent_0> chose action DOWN in 0.00s.
2026-08-15 13:17:39,063 [BombeRLeWorld] INFO: Agent <rule_based_agent_0> stayed within acceptable think time.
2026-08-15 13:17:39,063 [BombeRLeWorld] INFO: Agent <rule_based_agent_3> chose action UP in 0.00s.
2026-08-15 13:17:39,063 [BombeRLeWorld] INFO: Agent <rule_based_agent_3> stayed within acceptable think time.
2026-08-15 13:17:39,063 [BombeRLeWorld] INFO: Agent <rule_based_agent_2> chose action UP in 0.00s.
2026-08-15 13:17:39,063 [BombeRLeWorld] INFO: Agent <rule_based_agent_2> stayed within acceptable think time.
2026-08-15 13:17:39,161 [BombeRLeWorld] INFO: STARTING STEP 103
2026-08-15 13:17:39,163 [BombeRLeWorld] INFO: Agent <rule_based_agent_3> chose action UP in 0.00s.
2026-08-15 13:17:39,163 [BombeRLeWorld] INFO: Agent <rule_based_agent_3> stayed within acceptable think time.
2026-08-15 13:17:39,163 [BombeRLeWorld] INFO: Agent <rule_based_agent_1> chose action LEFT in 0.00s.
2026-08-15 13:17:39,163 [BombeRLeWorld] INFO: Agent <rule_based_agent_1> stayed within acceptable think time.
2026-08-15 13:17:39,163 [BombeRLeWorld] INFO: Agent <rule_based_agent_2> chose action DOWN in 0.00s.
2026-08-15 13:17:39,163 [BombeRLeWorld] INFO: Agent <rule_based_agent_2> stayed within acceptable think time.
2026-08-15 13:17:39,163 [BombeRLeWorld] INFO: Agent <rule_based_agent_0> chose action DOWN in 0.00s.
2026-08-15 13:17:39,163 [BombeRLeWorld] INFO: Agent <rule_based_agent_0> stayed within acceptable think time.
2026-08-15 13:17:39,260 [BombeRLeWorld] INFO: STARTING STEP 104
2026-08-15 13:17:39,262 [BombeRLeWorld] INFO: Agent <rule_based_agent_3> chose action DOWN in 0.00s.
2026-08-15 13:17:39,262 [BombeRLeWorld] INFO: Agent <rule_based_agent_3> stayed within acceptable think time.
2026-08-15 13:17:39,262 [BombeRLeWorld] INFO: Agent <rule_based_agent_2> chose action DOWN in 0.00s.
2026-08-15 13:17:39,262 [BombeRLeWorld] INFO: Agent <rule_based_agent_2> stayed within acceptable think time.
2026-08-15 13:17:39,262 [BombeRLeWorld] INFO: Agent <rule_based_agent_0> chose action UP in 0.00s.
2026-08-15 13:17:39,262 [BombeRLeWorld] INFO: Agent <rule_based_agent_0> stayed within acceptable think time.
2026-08-15 13:17:39,262 [BombeRLeWorld] INFO: Agent <rule_based_agent_1> chose action DOWN in 0.00s.
2026-08-15 13:17:39,262 [BombeRLeWorld] INFO: Agent <rule_based_agent_1> stayed within acceptable think time.
2026-08-15 13:17:39,361 [BombeRLeWorld] INFO: STARTING STEP 105
2026-08-15 13:17:39,363 [BombeRLeWorld] INFO: Agent <rule_based_agent_0> chose action DOWN in 0.00s.
2026-08-15 13:17:39,363 [BombeRLeWorld] INFO: Agent <rule_based_agent_0> stayed within acceptable think time.
2026-08-15 13:17:39,363 [BombeRLeWorld] INFO: Agent <rule_based_agent_2> chose action LEFT in 0.00s.
2026-08-15 13:17:39,363 [BombeRLeWorld] INFO: Agent <rule_based_agent_2> stayed within acceptable think time.
2026-08-15 13:17:39,363 [BombeRLeWorld] INFO: Agent <rule_based_agent_1> chose action UP in 0.00s.
2026-08-15 13:17:39,363 [BombeRLeWorld] INFO: Agent <rule_based_agent_1> stayed within acceptable think time.
2026-08-15 13:17:39,363 [BombeRLeWorld] INFO: Agent <rule_based_agent_3> chose action DOWN in 0.00s.
2026-08-15 13:17:39,363 [BombeRLeWorld] INFO: Agent <rule_based_agent_3> stayed within acceptable think time.
2026-08-15 13:17:39,461 [BombeRLeWorld] INFO: STARTING STEP 106
2026-08-15 13:17:39,462 [BombeRLeWorld] INFO: Agent <rule_based_agent_3> chose action BOMB in 0.00s.
2026-08-15 13:17:39,462 [BombeRLeWorld] INFO: Agent <rule_based_agent_3> stayed within acceptable think time.
2026-08-15 13:17:39,462 [BombeRLeWorld] INFO: Agent <rule_based_agent_3> drops bomb at (np.int64(7), np.int64(8))
2026-08-15 13:17:39,462 [BombeRLeWorld] INFO: Agent <rule_based_agent_2> chose action LEFT in 0.00s.
2026-08-15 13:17:39,462 [BombeRLeWorld] INFO: Agent <rule_based_agent_2> stayed within acceptable think time.
2026-08-15 13:17:39,462 [BombeRLeWorld] INFO: Agent <rule_based_agent_1> chose action DOWN in 0.00s.
2026-08-15 13:17:39,462 [BombeRLeWorld] INFO: Agent <rule_based_agent_1> stayed within acceptable think time.
2026-08-15 13:17:39,463 [BombeRLeWorld] INFO: Agent <rule_based_agent_0> chose action DOWN in 0.00s.
2026-08-15 13:17:39,463 [BombeRLeWorld] INFO: Agent <rule_based_agent_0> stayed within acceptable think time.
2026-08-15 13:17:39,463 [BombeRLeWorld] INFO: Agent <rule_based_agent_1>'s bomb at (np.int64(8), np.int64(9)) explodes
2026-08-15 13:17:39,560 [BombeRLeWorld] INFO: STARTING STEP 107
2026-08-15 13:17:39,562 [BombeRLeWorld] INFO: Agent <rule_based_agent_0> chose action None in 0.00s.
2026-08-15 13:17:39,562 [BombeRLeWorld] INFO: Agent <rule_based_agent_0> stayed within acceptable think time.
2026-08-15 13:17:39,562 [BombeRLeWorld] INFO: Agent <rule_based_agent_3> chose action UP in 0.00s.
2026-08-15 13:17:39,562 [BombeRLeWorld] INFO: Agent <rule_based_agent_3> stayed within acceptable think time.
2026-08-15 13:17:39,562 [BombeRLeWorld] INFO: Agent <rule_based_agent_2> chose action BOMB in 0.00s.
2026-08-15 13:17:39,562 [BombeRLeWorld] INFO: Agent <rule_based_agent_2> stayed within acceptable think time.
2026-08-15 13:17:39,562 [BombeRLeWorld] INFO: Agent <rule_based_agent_2> drops bomb at (np.int64(9), np.int64(11))
2026-08-15 13:17:39,562 [BombeRLeWorld] INFO: Agent <rule_based_agent_1> chose action DOWN in 0.00s.
2026-08-15 13:17:39,562 [BombeRLeWorld] INFO: Agent <rule_based_agent_1> stayed within acceptable think time.
2026-08-15 13:17:39,661 [BombeRLeWorld] INFO: STARTING STEP 108
2026-08-15 13:17:39,663 [BombeRLeWorld] INFO: Agent <rule_based_agent_2> chose action RIGHT in 0.00s.
2026-08-15 13:17:39,663 [BombeRLeWorld] INFO: Agent <rule_based_agent_2> stayed within acceptable think time.
2026-08-15 13:17:39,663 [BombeRLeWorld] INFO: Agent <rule_based_agent_3> chose action RIGHT in 0.00s.
2026-08-15 13:17:39,663 [BombeRLeWorld] INFO: Agent <rule_based_agent_3> stayed within acceptable think time.
2026-08-15 13:17:39,663 [BombeRLeWorld] INFO: Agent <rule_based_agent_1> chose action DOWN in 0.00s.
2026-08-15 13:17:39,663 [BombeRLeWorld] INFO: Agent <rule_based_agent_1> stayed within acceptable think time.
2026-08-15 13:17:39,663 [BombeRLeWorld] INFO: Agent <rule_based_agent_0> chose action UP in 0.00s.
2026-08-15 13:17:39,663 [BombeRLeWorld] INFO: Agent <rule_based_agent_0> stayed within acceptable think time.
2026-08-15 13:17:39,761 [BombeRLeWorld] INFO: STARTING STEP 109
2026-08-15 13:17:39,763 [BombeRLeWorld] INFO: Agent <rule_based_agent_2> chose action RIGHT in 0.00s.
2026-08-15 13:17:39,763 [BombeRLeWorld] INFO: Agent <rule_based_agent_2> stayed within acceptable think time.
2026-08-15 13:17:39,763 [BombeRLeWorld] INFO: Agent <rule_based_agent_1> chose action UP in 0.00s.
2026-08-15 13:17:39,763 [BombeRLeWorld] INFO: Agent <rule_based_agent_1> stayed within acceptable think time.
2026-08-15 13:17:39,763 [BombeRLeWorld] INFO: Agent <rule_based_agent_3> chose action LEFT in 0.00s.
2026-08-15 13:17:39,763 [BombeRLeWorld] INFO: Agent <rule_based_agent_3> stayed within acceptable think time.
2026-08-15 13:17:39,763 [BombeRLeWorld] INFO: Agent <rule_based_agent_0> chose action RIGHT in 0.00s.
2026-08-15 13:17:39,763 [BombeRLeWorld] INFO: Agent <rule_based_agent_0> stayed within acceptable think time.
2026-08-15 13:17:39,861 [BombeRLeWorld] INFO: STARTING STEP 110
2026-08-15 13:17:39,863 [BombeRLeWorld] INFO: Agent <rule_based_agent_2> chose action DOWN in 0.00s.
2026-08-15 13:17:39,863 [BombeRLeWorld] INFO: Agent <rule_based_agent_2> stayed within acceptable think time.
2026-08-15 13:17:39,863 [BombeRLeWorld] INFO: Agent <rule_based_agent_1> chose action DOWN in 0.00s.
2026-08-15 13:17:39,863 [BombeRLeWorld] INFO: Agent <rule_based_agent_1> stayed within acceptable think time.
2026-08-15 13:17:39,863 [BombeRLeWorld] INFO: Agent <rule_based_agent_3> chose action RIGHT in 0.00s.
2026-08-15 13:17:39,863 [BombeRLeWorld] INFO: Agent <rule_based_agent_3> stayed within acceptable think time.
2026-08-15 13:17:39,863 [BombeRLeWorld] INFO: Agent <rule_based_agent_0> chose action RIGHT in 0.00s.
2026-08-15 13:17:39,863 [BombeRLeWorld] INFO: Agent <rule_based_agent_0> stayed within acceptable think time.
2026-08-15 13:17:39,863 [BombeRLeWorld] INFO: Agent <rule_based_agent_3>'s bomb at (np.int64(7), np.int64(8)) explodes
2026-08-15 13:17:39,961 [BombeRLeWorld] INFO: STARTING STEP 111
2026-08-15 13:17:39,963 [BombeRLeWorld] INFO: Agent <rule_based_agent_1> chose action DOWN in 0.00s.
2026-08-15 13:17:39,963 [BombeRLeWorld] INFO: Agent <rule_based_agent_1> stayed within acceptable think time.
2026-08-15 13:17:39,963 [BombeRLeWorld] INFO: Agent <rule_based_agent_2> chose action DOWN in 0.00s.
2026-08-15 13:17:39,963 [BombeRLeWorld] INFO: Agent <rule_based_agent_2> stayed within acceptable think time.
2026-08-15 13:17:39,963 [BombeRLeWorld] INFO: Agent <rule_based_agent_3> chose action RIGHT in 0.00s.
2026-08-15 13:17:39,963 [BombeRLeWorld] INFO: Agent <rule_based_agent_3> stayed within acceptable think time.
2026-08-15 13:17:39,963 [BombeRLeWorld] INFO: Agent <rule_based_agent_0> chose action UP in 0.00s.
2026-08-15 13:17:39,963 [BombeRLeWorld] INFO: Agent <rule_based_agent_0> stayed within acceptable think time.
2026-08-15 13:17:39,963 [BombeRLeWorld] INFO: Agent <rule_based_agent_2>'s bomb at (np.int64(9), np.int64(11)) explodes
2026-08-15 13:17:40,061 [BombeRLeWorld] INFO: STARTING STEP 112
2026-08-15 13:17:40,063 [BombeRLeWorld] INFO: Agent <rule_based_agent_1> chose action RIGHT in 0.00s.
2026-08-15 13:17:40,063 [BombeRLeWorld] INFO: Agent <rule_based_agent_1> stayed within acceptable think time.
2026-08-15 13:17:40,063 [BombeRLeWorld] INFO: Agent <rule_based_agent_3> chose action LEFT in 0.00s.
2026-08-15 13:17:40,063 [BombeRLeWorld] INFO: Agent <rule_based_agent_3> stayed within acceptable think time.
2026-08-15 13:17:40,063 [BombeRLeWorld] INFO: Agent <rule_based_agent_0> chose action UP in 0.00s.
2026-08-15 13:17:40,063 [BombeRLeWorld] INFO: Agent <rule_based_agent_0> stayed within acceptable think time.
2026-08-15 13:17:40,063 [BombeRLeWorld] INFO: Agent <rule_based_agent_2> chose action LEFT in 0.00s.
2026-08-15 13:17:40,063 [BombeRLeWorld] INFO: Agent <rule_based_agent_2> stayed within acceptable think time.
2026-08-15 13:17:40,161 [BombeRLeWorld] INFO: STARTING STEP 113
2026-08-15 13:17:40,163 [BombeRLeWorld] INFO: Agent <rule_based_agent_0> chose action UP in 0.00s.
2026-08-15 13:17:40,163 [BombeRLeWorld] INFO: Agent <rule_based_agent_0> stayed within acceptable think time.
2026-08-15 13:17:40,163 [BombeRLeWorld] INFO: Agent <rule_based_agent_1> chose action RIGHT in 0.00s.
2026-08-15 13:17:40,163 [BombeRLeWorld] INFO: Agent <rule_based_agent_1> stayed within acceptable think time.
2026-08-15 13:17:40,163 [BombeRLeWorld] INFO: Agent <rule_based_agent_3> chose action LEFT in 0.00s.
2026-08-15 13:17:40,163 [BombeRLeWorld] INFO: Agent <rule_based_agent_3> stayed within acceptable think time.
2026-08-15 13:17:40,163 [BombeRLeWorld] INFO: Agent <rule_based_agent_2> chose action LEFT in 0.00s.
2026-08-15 13:17:40,163 [BombeRLeWorld] INFO: Agent <rule_based_agent_2> stayed within acceptable think time.
2026-08-15 13:17:40,262 [BombeRLeWorld] INFO: STARTING STEP 114
2026-08-15 13:17:40,263 [BombeRLeWorld] INFO: Agent <rule_based_agent_2> chose action BOMB in 0.00s.
2026-08-15 13:17:40,263 [BombeRLeWorld] INFO: Agent <rule_based_agent_2> stayed within acceptable think time.
2026-08-15 13:17:40,263 [BombeRLeWorld] INFO: Agent <rule_based_agent_2> drops bomb at (np.int64(10), np.int64(13))
2026-08-15 13:17:40,263 [BombeRLeWorld] INFO: Agent <rule_based_agent_1> chose action UP in 0.00s.
2026-08-15 13:17:40,263 [BombeRLeWorld] INFO: Agent <rule_based_agent_1> stayed within acceptable think time.
2026-08-15 13:17:40,264 [BombeRLeWorld] INFO: Agent <rule_based_agent_3> chose action UP in 0.00s.
2026-08-15 13:17:40,264 [BombeRLeWorld] INFO: Agent <rule_based_agent_3> stayed within acceptable think time.
2026-08-15 13:17:40,264 [BombeRLeWorld] INFO: Agent <rule_based_agent_0> chose action UP in 0.00s.
2026-08-15 13:17:40,264 [BombeRLeWorld] INFO: Agent <rule_based_agent_0> stayed within acceptable think time.
2026-08-15 13:17:40,362 [BombeRLeWorld] INFO: STARTING STEP 115
2026-08-15 13:17:40,364 [BombeRLeWorld] INFO: Agent <rule_based_agent_3> chose action UP in 0.00s.
2026-08-15 13:17:40,364 [BombeRLeWorld] INFO: Agent <rule_based_agent_3> stayed within acceptable think time.
2026-08-15 13:17:40,364 [BombeRLeWorld] INFO: Agent <rule_based_agent_2> chose action LEFT in 0.00s.
2026-08-15 13:17:40,364 [BombeRLeWorld] INFO: Agent <rule_based_agent_2> stayed within acceptable think time.
2026-08-15 13:17:40,364 [BombeRLeWorld] INFO: Agent <rule_based_agent_0> chose action UP in 0.00s.
2026-08-15 13:17:40,364 [BombeRLeWorld] INFO: Agent <rule_based_agent_0> stayed within acceptable think time.
2026-08-15 13:17:40,365 [BombeRLeWorld] INFO: Agent <rule_based_agent_1> chose action UP in 0.00s.
2026-08-15 13:17:40,365 [BombeRLeWorld] INFO: Agent <rule_based_agent_1> stayed within acceptable think time.
2026-08-15 13:17:40,365 [BombeRLeWorld] INFO: Agent <rule_based_agent_3> picked up coin at (np.int64(7), np.int64(5)) and receives 1 point
2026-08-15 13:17:40,461 [BombeRLeWorld] INFO: STARTING STEP 116
2026-08-15 13:17:40,463 [BombeRLeWorld] INFO: Agent <rule_based_agent_3> chose action RIGHT in 0.00s.
2026-08-15 13:17:40,463 [BombeRLeWorld] INFO: Agent <rule_based_agent_3> stayed within acceptable think time.
2026-08-15 13:17:40,463 [BombeRLeWorld] INFO: Agent <rule_based_agent_1> chose action DOWN in 0.00s.
2026-08-15 13:17:40,463 [BombeRLeWorld] INFO: Agent <rule_based_agent_1> stayed within acceptable think time.
2026-08-15 13:17:40,463 [BombeRLeWorld] INFO: Agent <rule_based_agent_2> chose action DOWN in 0.00s.
2026-08-15 13:17:40,463 [BombeRLeWorld] INFO: Agent <rule_based_agent_2> stayed within acceptable think time.
2026-08-15 13:17:40,463 [BombeRLeWorld] INFO: Agent <rule_based_agent_0> chose action UP in 0.00s.
2026-08-15 13:17:40,463 [BombeRLeWorld] INFO: Agent <rule_based_agent_0> stayed within acceptable think time.
2026-08-15 13:17:40,561 [BombeRLeWorld] INFO: STARTING STEP 117
2026-08-15 13:17:40,563 [BombeRLeWorld] INFO: Agent <rule_based_agent_1> chose action DOWN in 0.00s.
2026-08-15 13:17:40,563 [BombeRLeWorld] INFO: Agent <rule_based_agent_1> stayed within acceptable think time.
2026-08-15 13:17:40,563 [BombeRLeWorld] INFO: Agent <rule_based_agent_0> chose action LEFT in 0.00s.
2026-08-15 13:17:40,563 [BombeRLeWorld] INFO: Agent <rule_based_agent_0> stayed within acceptable think time.
2026-08-15 13:17:40,563 [BombeRLeWorld] INFO: Agent <rule_based_agent_2> chose action UP in 0.00s.
2026-08-15 13:17:40,563 [BombeRLeWorld] INFO: Agent <rule_based_agent_2> stayed within acceptable think time.
2026-08-15 13:17:40,563 [BombeRLeWorld] INFO: Agent <rule_based_agent_3> chose action BOMB in 0.00s.
2026-08-15 13:17:40,563 [BombeRLeWorld] INFO: Agent <rule_based_agent_3> stayed within acceptable think time.
2026-08-15 13:17:40,563 [BombeRLeWorld] INFO: Agent <rule_based_agent_3> drops bomb at (np.int64(8), np.int64(5))
2026-08-15 13:17:40,662 [BombeRLeWorld] INFO: STARTING STEP 118
2026-08-15 13:17:40,665 [BombeRLeWorld] INFO: Agent <rule_based_agent_3> chose action LEFT in 0.00s.
2026-08-15 13:17:40,665 [BombeRLeWorld] INFO: Agent <rule_based_agent_3> stayed within acceptable think time.
2026-08-15 13:17:40,665 [BombeRLeWorld] INFO: Agent <rule_based_agent_1> chose action UP in 0.00s.
2026-08-15 13:17:40,665 [BombeRLeWorld] INFO: Agent <rule_based_agent_1> stayed within acceptable think time.
2026-08-15 13:17:40,665 [BombeRLeWorld] INFO: Agent <rule_based_agent_2> chose action DOWN in 0.00s.
2026-08-15 13:17:40,665 [BombeRLeWorld] INFO: Agent <rule_based_agent_2> stayed within acceptable think time.
2026-08-15 13:17:40,665 [BombeRLeWorld] INFO: Agent <rule_based_agent_0> chose action LEFT in 0.00s.
2026-08-15 13:17:40,665 [BombeRLeWorld] INFO: Agent <rule_based_agent_0> stayed within acceptable think time.
2026-08-15 13:17:40,665 [BombeRLeWorld] INFO: Agent <rule_based_agent_2>'s bomb at (np.int64(10), np.int64(13)) explodes
2026-08-15 13:17:40,762 [BombeRLeWorld] INFO: STARTING STEP 119
2026-08-15 13:17:40,764 [BombeRLeWorld] INFO: Agent <rule_based_agent_2> chose action UP in 0.00s.
2026-08-15 13:17:40,764 [BombeRLeWorld] INFO: Agent <rule_based_agent_2> stayed within acceptable think time.
2026-08-15 13:17:40,764 [BombeRLeWorld] INFO: Agent <rule_based_agent_0> chose action BOMB in 0.00s.
2026-08-15 13:17:40,764 [BombeRLeWorld] INFO: Agent <rule_based_agent_0> stayed within acceptable think time.
2026-08-15 13:17:40,764 [BombeRLeWorld] INFO: Agent <rule_based_agent_0> drops bomb at (np.int64(9), np.int64(3))
2026-08-15 13:17:40,764 [BombeRLeWorld] INFO: Agent <rule_based_agent_3> chose action DOWN in 0.00s.
2026-08-15 13:17:40,764 [BombeRLeWorld] INFO: Agent <rule_based_agent_3> stayed within acceptable think time.
2026-08-15 13:17:40,764 [BombeRLeWorld] INFO: Agent <rule_based_agent_1> chose action UP in 0.00s.
2026-08-15 13:17:40,764 [BombeRLeWorld] INFO: Agent <rule_based_agent_1> stayed within acceptable think time.
2026-08-15 13:17:40,863 [BombeRLeWorld] INFO: STARTING STEP 120
2026-08-15 13:17:40,866 [BombeRLeWorld] INFO: Agent <rule_based_agent_0> chose action RIGHT in 0.00s.
2026-08-15 13:17:40,866 [BombeRLeWorld] INFO: Agent <rule_based_agent_0> stayed within acceptable think time.
2026-08-15 13:17:40,866 [BombeRLeWorld] INFO: Agent <rule_based_agent_3> chose action DOWN in 0.00s.
2026-08-15 13:17:40,866 [BombeRLeWorld] INFO: Agent <rule_based_agent_3> stayed within acceptable think time.
2026-08-15 13:17:40,866 [BombeRLeWorld] INFO: Agent <rule_based_agent_1> chose action DOWN in 0.00s.
2026-08-15 13:17:40,866 [BombeRLeWorld] INFO: Agent <rule_based_agent_1> stayed within acceptable think time.
2026-08-15 13:17:40,866 [BombeRLeWorld] INFO: Agent <rule_based_agent_2> chose action UP in 0.00s.
2026-08-15 13:17:40,866 [BombeRLeWorld] INFO: Agent <rule_based_agent_2> stayed within acceptable think time.
2026-08-15 13:17:40,963 [BombeRLeWorld] INFO: STARTING STEP 121
2026-08-15 13:17:40,968 [BombeRLeWorld] INFO: Agent <rule_based_agent_2> chose action BOMB in 0.00s.
2026-08-15 13:17:40,968 [BombeRLeWorld] INFO: Agent <rule_based_agent_2> stayed within acceptable think time.
2026-08-15 13:17:40,968 [BombeRLeWorld] INFO: Agent <rule_based_agent_2> drops bomb at (np.int64(9), np.int64(13))
2026-08-15 13:17:40,968 [BombeRLeWorld] INFO: Agent <rule_based_agent_3> chose action UP in 0.00s.
2026-08-15 13:17:40,968 [BombeRLeWorld] INFO: Agent <rule_based_agent_3> stayed within acceptable think time.
2026-08-15 13:17:40,968 [BombeRLeWorld] INFO: Agent <rule_based_agent_1> chose action BOMB in 0.00s.
2026-08-15 13:17:40,968 [BombeRLeWorld] INFO: Agent <rule_based_agent_1> stayed within acceptable think time.
2026-08-15 13:17:40,968 [BombeRLeWorld] INFO: Agent <rule_based_agent_1> drops bomb at (np.int64(9), np.int64(12))
2026-08-15 13:17:40,968 [BombeRLeWorld] INFO: Agent <rule_based_agent_0> chose action RIGHT in 0.00s.
2026-08-15 13:17:40,968 [BombeRLeWorld] INFO: Agent <rule_based_agent_0> stayed within acceptable think time.
2026-08-15 13:17:40,968 [BombeRLeWorld] INFO: Agent <rule_based_agent_3>'s bomb at (np.int64(8), np.int64(5)) explodes
2026-08-15 13:17:41,062 [BombeRLeWorld] INFO: STARTING STEP 122
2026-08-15 13:17:41,068 [BombeRLeWorld] INFO: Agent <rule_based_agent_0> chose action DOWN in 0.00s.
2026-08-15 13:17:41,068 [BombeRLeWorld] INFO: Agent <rule_based_agent_0> stayed within acceptable think time.
2026-08-15 13:17:41,068 [BombeRLeWorld] INFO: Agent <rule_based_agent_2> chose action DOWN in 0.00s.
2026-08-15 13:17:41,068 [BombeRLeWorld] INFO: Agent <rule_based_agent_2> stayed within acceptable think time.
2026-08-15 13:17:41,068 [BombeRLeWorld] INFO: Agent <rule_based_agent_3> chose action DOWN in 0.00s.
2026-08-15 13:17:41,068 [BombeRLeWorld] INFO: Agent <rule_based_agent_3> stayed within acceptable think time.
2026-08-15 13:17:41,068 [BombeRLeWorld] INFO: Agent <rule_based_agent_1> chose action UP in 0.00s.
2026-08-15 13:17:41,068 [BombeRLeWorld] INFO: Agent <rule_based_agent_1> stayed within acceptable think time.
2026-08-15 13:17:41,163 [BombeRLeWorld] INFO: STARTING STEP 123
2026-08-15 13:17:41,169 [BombeRLeWorld] INFO: Agent <rule_based_agent_1> chose action RIGHT in 0.00s.
2026-08-15 13:17:41,169 [BombeRLeWorld] INFO: Agent <rule_based_agent_1> stayed within acceptable think time.
2026-08-15 13:17:41,169 [BombeRLeWorld] INFO: Agent <rule_based_agent_0> chose action DOWN in 0.00s.
2026-08-15 13:17:41,169 [BombeRLeWorld] INFO: Agent <rule_based_agent_0> stayed within acceptable think time.
2026-08-15 13:17:41,169 [BombeRLeWorld] INFO: Agent <rule_based_agent_3> chose action RIGHT in 0.00s.
2026-08-15 13:17:41,169 [BombeRLeWorld] INFO: Agent <rule_based_agent_3> stayed within acceptable think time.
2026-08-15 13:17:41,169 [BombeRLeWorld] INFO: Agent <rule_based_agent_2> chose action DOWN in 0.00s.
2026-08-15 13:17:41,169 [BombeRLeWorld] INFO: Agent <rule_based_agent_2> stayed within acceptable think time.
2026-08-15 13:17:41,169 [BombeRLeWorld] INFO: Agent <rule_based_agent_0>'s bomb at (np.int64(9), np.int64(3)) explodes
2026-08-15 13:17:41,262 [BombeRLeWorld] INFO: STARTING STEP 124
2026-08-15 13:17:41,268 [BombeRLeWorld] INFO: Agent <rule_based_agent_1> chose action LEFT in 0.00s.
2026-08-15 13:17:41,268 [BombeRLeWorld] INFO: Agent <rule_based_agent_1> stayed within acceptable think time.
2026-08-15 13:17:41,268 [BombeRLeWorld] INFO: Agent <rule_based_agent_3> chose action RIGHT in 0.00s.
2026-08-15 13:17:41,268 [BombeRLeWorld] INFO: Agent <rule_based_agent_3> stayed within acceptable think time.
2026-08-15 13:17:41,268 [BombeRLeWorld] INFO: Agent <rule_based_agent_0> chose action LEFT in 0.00s.
2026-08-15 13:17:41,268 [BombeRLeWorld] INFO: Agent <rule_based_agent_0> stayed within acceptable think time.
2026-08-15 13:17:41,268 [BombeRLeWorld] INFO: Agent <rule_based_agent_2> chose action RIGHT in 0.00s.
2026-08-15 13:17:41,268 [BombeRLeWorld] INFO: Agent <rule_based_agent_2> stayed within acceptable think time.
2026-08-15 13:17:41,363 [BombeRLeWorld] INFO: STARTING STEP 125
2026-08-15 13:17:41,369 [BombeRLeWorld] INFO: Agent <rule_based_agent_2> chose action RIGHT in 0.00s.
2026-08-15 13:17:41,369 [BombeRLeWorld] INFO: Agent <rule_based_agent_2> stayed within acceptable think time.
2026-08-15 13:17:41,369 [BombeRLeWorld] INFO: Agent <rule_based_agent_3> chose action BOMB in 0.00s.
2026-08-15 13:17:41,369 [BombeRLeWorld] INFO: Agent <rule_based_agent_3> stayed within acceptable think time.
2026-08-15 13:17:41,369 [BombeRLeWorld] INFO: Agent <rule_based_agent_3> drops bomb at (np.int64(9), np.int64(7))
2026-08-15 13:17:41,369 [BombeRLeWorld] INFO: Agent <rule_based_agent_1> chose action RIGHT in 0.00s.
2026-08-15 13:17:41,369 [BombeRLeWorld] INFO: Agent <rule_based_agent_1> stayed within acceptable think time.
2026-08-15 13:17:41,369 [BombeRLeWorld] INFO: Agent <rule_based_agent_0> chose action LEFT in 0.00s.
2026-08-15 13:17:41,369 [BombeRLeWorld] INFO: Agent <rule_based_agent_0> stayed within acceptable think time.
2026-08-15 13:17:41,369 [BombeRLeWorld] INFO: Agent <rule_based_agent_2>'s bomb at (np.int64(9), np.int64(13)) explodes
2026-08-15 13:17:41,369 [BombeRLeWorld] INFO: Agent <rule_based_agent_1>'s bomb at (np.int64(9), np.int64(12)) explodes
2026-08-15 13:17:41,464 [BombeRLeWorld] INFO: STARTING STEP 126
2026-08-15 13:17:41,470 [BombeRLeWorld] INFO: Agent <rule_based_agent_1> chose action RIGHT in 0.00s.
2026-08-15 13:17:41,470 [BombeRLeWorld] INFO: Agent <rule_based_agent_1> stayed within acceptable think time.
2026-08-15 13:17:41,470 [BombeRLeWorld] INFO: Agent <rule_based_agent_3> chose action UP in 0.00s.
2026-08-15 13:17:41,470 [BombeRLeWorld] INFO: Agent <rule_based_agent_3> stayed within acceptable think time.
2026-08-15 13:17:41,470 [BombeRLeWorld] INFO: Agent <rule_based_agent_0> chose action RIGHT in 0.00s.
2026-08-15 13:17:41,470 [BombeRLeWorld] INFO: Agent <rule_based_agent_0> stayed within acceptable think time.
2026-08-15 13:17:41,470 [BombeRLeWorld] INFO: Agent <rule_based_agent_2> chose action UP in 0.00s.
2026-08-15 13:17:41,470 [BombeRLeWorld] INFO: Agent <rule_based_agent_2> stayed within acceptable think time.
2026-08-15 13:17:41,564 [BombeRLeWorld] INFO: STARTING STEP 127
2026-08-15 13:17:41,570 [BombeRLeWorld] INFO: Agent <rule_based_agent_0> chose action LEFT in 0.00s.
2026-08-15 13:17:41,570 [BombeRLeWorld] INFO: Agent <rule_based_agent_0> stayed within acceptable think time.
2026-08-15 13:17:41,570 [BombeRLeWorld] INFO: Agent <rule_based_agent_1> chose action UP in 0.00s.
2026-08-15 13:17:41,570 [BombeRLeWorld] INFO: Agent <rule_based_agent_1> stayed within acceptable think time.
2026-08-15 13:17:41,570 [BombeRLeWorld] INFO: Agent <rule_based_agent_3> chose action UP in 0.00s.
2026-08-15 13:17:41,570 [BombeRLeWorld] INFO: Agent <rule_based_agent_3> stayed within acceptable think time.
2026-08-15 13:17:41,570 [BombeRLeWorld] INFO: Agent <rule_based_agent_2> chose action UP in 0.00s.
2026-08-15 13:17:41,570 [BombeRLeWorld] INFO: Agent <rule_based_agent_2> stayed within acceptable think time.
2026-08-15 13:17:41,663 [BombeRLeWorld] INFO: STARTING STEP 128
2026-08-15 13:17:41,668 [BombeRLeWorld] INFO: Agent <rule_based_agent_2> chose action UP in 0.00s.
2026-08-15 13:17:41,668 [BombeRLeWorld] INFO: Agent <rule_based_agent_2> stayed within acceptable think time.
2026-08-15 13:17:41,668 [BombeRLeWorld] INFO: Agent <rule_based_agent_3> chose action None in 0.00s.
2026-08-15 13:17:41,668 [BombeRLeWorld] INFO: Agent <rule_based_agent_3> stayed within acceptable think time.
2026-08-15 13:17:41,668 [BombeRLeWorld] INFO: Agent <rule_based_agent_0> chose action RIGHT in 0.00s.
2026-08-15 13:17:41,668 [BombeRLeWorld] INFO: Agent <rule_based_agent_0> stayed within acceptable think time.
2026-08-15 13:17:41,668 [BombeRLeWorld] INFO: Agent <rule_based_agent_1> chose action UP in 0.00s.
2026-08-15 13:17:41,668 [BombeRLeWorld] INFO: Agent <rule_based_agent_1> stayed within acceptable think time.
2026-08-15 13:17:41,763 [BombeRLeWorld] INFO: STARTING STEP 129
2026-08-15 13:17:41,766 [BombeRLeWorld] INFO: Agent <rule_based_agent_1> chose action UP in 0.00s.
2026-08-15 13:17:41,766 [BombeRLeWorld] INFO: Agent <rule_based_agent_1> stayed within acceptable think time.
2026-08-15 13:17:41,767 [BombeRLeWorld] INFO: Agent <rule_based_agent_3> chose action None in 0.00s.
2026-08-15 13:17:41,767 [BombeRLeWorld] INFO: Agent <rule_based_agent_3> stayed within acceptable think time.
2026-08-15 13:17:41,767 [BombeRLeWorld] INFO: Agent <rule_based_agent_2> chose action UP in 0.00s.
2026-08-15 13:17:41,767 [BombeRLeWorld] INFO: Agent <rule_based_agent_2> stayed within acceptable think time.
2026-08-15 13:17:41,767 [BombeRLeWorld] INFO: Agent <rule_based_agent_0> chose action RIGHT in 0.00s.
2026-08-15 13:17:41,767 [BombeRLeWorld] INFO: Agent <rule_based_agent_0> stayed within acceptable think time.
2026-08-15 13:17:41,767 [BombeRLeWorld] INFO: Agent <rule_based_agent_3>'s bomb at (np.int64(9), np.int64(7)) explodes
2026-08-15 13:17:41,767 [BombeRLeWorld] INFO: Agent <rule_based_agent_3> blown up by own bomb
2026-08-15 13:17:41,864 [BombeRLeWorld] INFO: STARTING STEP 130
2026-08-15 13:17:41,865 [BombeRLeWorld] INFO: Agent <rule_based_agent_1> chose action DOWN in 0.00s.
2026-08-15 13:17:41,865 [BombeRLeWorld] INFO: Agent <rule_based_agent_1> stayed within acceptable think time.
2026-08-15 13:17:41,865 [BombeRLeWorld] INFO: Agent <rule_based_agent_0> chose action DOWN in 0.00s.
2026-08-15 13:17:41,865 [BombeRLeWorld] INFO: Agent <rule_based_agent_0> stayed within acceptable think time.
2026-08-15 13:17:41,865 [BombeRLeWorld] INFO: Agent <rule_based_agent_2> chose action UP in 0.00s.
2026-08-15 13:17:41,865 [BombeRLeWorld] INFO: Agent <rule_based_agent_2> stayed within acceptable think time.
2026-08-15 13:17:41,964 [BombeRLeWorld] INFO: STARTING STEP 131
2026-08-15 13:17:41,965 [BombeRLeWorld] INFO: Agent <rule_based_agent_1> chose action BOMB in 0.00s.
2026-08-15 13:17:41,965 [BombeRLeWorld] INFO: Agent <rule_based_agent_1> stayed within acceptable think time.
2026-08-15 13:17:41,965 [BombeRLeWorld] INFO: Agent <rule_based_agent_1> drops bomb at (np.int64(11), np.int64(9))
2026-08-15 13:17:41,965 [BombeRLeWorld] INFO: Agent <rule_based_agent_0> chose action DOWN in 0.00s.
2026-08-15 13:17:41,965 [BombeRLeWorld] INFO: Agent <rule_based_agent_0> stayed within acceptable think time.
2026-08-15 13:17:41,965 [BombeRLeWorld] INFO: Agent <rule_based_agent_2> chose action BOMB in 0.00s.
2026-08-15 13:17:41,965 [BombeRLeWorld] INFO: Agent <rule_based_agent_2> stayed within acceptable think time.
2026-08-15 13:17:41,965 [BombeRLeWorld] INFO: Agent <rule_based_agent_2> drops bomb at (np.int64(11), np.int64(10))
2026-08-15 13:17:42,064 [BombeRLeWorld] INFO: STARTING STEP 132
2026-08-15 13:17:42,067 [BombeRLeWorld] INFO: Agent <rule_based_agent_0> chose action RIGHT in 0.00s.
2026-08-15 13:17:42,067 [BombeRLeWorld] INFO: Agent <rule_based_agent_0> stayed within acceptable think time.
2026-08-15 13:17:42,067 [BombeRLeWorld] INFO: Agent <rule_based_agent_1> chose action RIGHT in 0.00s.
2026-08-15 13:17:42,067 [BombeRLeWorld] INFO: Agent <rule_based_agent_1> stayed within acceptable think time.
2026-08-15 13:17:42,067 [BombeRLeWorld] INFO: Agent <rule_based_agent_2> chose action DOWN in 0.00s.
2026-08-15 13:17:42,067 [BombeRLeWorld] INFO: Agent <rule_based_agent_2> stayed within acceptable think time.
2026-08-15 13:17:42,164 [BombeRLeWorld] INFO: STARTING STEP 133
2026-08-15 13:17:42,166 [BombeRLeWorld] INFO: Agent <rule_based_agent_0> chose action RIGHT in 0.00s.
2026-08-15 13:17:42,166 [BombeRLeWorld] INFO: Agent <rule_based_agent_0> stayed within acceptable think time.
2026-08-15 13:17:42,166 [BombeRLeWorld] INFO: Agent <rule_based_agent_1> chose action RIGHT in 0.00s.
2026-08-15 13:17:42,166 [BombeRLeWorld] INFO: Agent <rule_based_agent_1> stayed within acceptable think time.
2026-08-15 13:17:42,166 [BombeRLeWorld] INFO: Agent <rule_based_agent_2> chose action RIGHT in 0.00s.
2026-08-15 13:17:42,166 [BombeRLeWorld] INFO: Agent <rule_based_agent_2> stayed within acceptable think time.
2026-08-15 13:17:42,264 [BombeRLeWorld] INFO: STARTING STEP 134
2026-08-15 13:17:42,266 [BombeRLeWorld] INFO: Agent <rule_based_agent_1> chose action DOWN in 0.00s.
2026-08-15 13:17:42,266 [BombeRLeWorld] INFO: Agent <rule_based_agent_1> stayed within acceptable think time.
2026-08-15 13:17:42,266 [BombeRLeWorld] INFO: Agent <rule_based_agent_2> chose action RIGHT in 0.00s.
2026-08-15 13:17:42,266 [BombeRLeWorld] INFO: Agent <rule_based_agent_2> stayed within acceptable think time.
2026-08-15 13:17:42,266 [BombeRLeWorld] INFO: Agent <rule_based_agent_0> chose action DOWN in 0.00s.
2026-08-15 13:17:42,266 [BombeRLeWorld] INFO: Agent <rule_based_agent_0> stayed within acceptable think time.
2026-08-15 13:17:42,364 [BombeRLeWorld] INFO: STARTING STEP 135
2026-08-15 13:17:42,366 [BombeRLeWorld] INFO: Agent <rule_based_agent_1> chose action None in 0.00s.
2026-08-15 13:17:42,366 [BombeRLeWorld] INFO: Agent <rule_based_agent_1> stayed within acceptable think time.
2026-08-15 13:17:42,366 [BombeRLeWorld] INFO: Agent <rule_based_agent_2> chose action DOWN in 0.00s.
2026-08-15 13:17:42,366 [BombeRLeWorld] INFO: Agent <rule_based_agent_2> stayed within acceptable think time.
2026-08-15 13:17:42,366 [BombeRLeWorld] INFO: Agent <rule_based_agent_0> chose action UP in 0.00s.
2026-08-15 13:17:42,366 [BombeRLeWorld] INFO: Agent <rule_based_agent_0> stayed within acceptable think time.
2026-08-15 13:17:42,366 [BombeRLeWorld] INFO: Agent <rule_based_agent_1>'s bomb at (np.int64(11), np.int64(9)) explodes
2026-08-15 13:17:42,366 [BombeRLeWorld] INFO: Agent <rule_based_agent_2>'s bomb at (np.int64(11), np.int64(10)) explodes
2026-08-15 13:17:42,465 [BombeRLeWorld] INFO: STARTING STEP 136
2026-08-15 13:17:42,467 [BombeRLeWorld] INFO: Agent <rule_based_agent_0> chose action DOWN in 0.00s.
2026-08-15 13:17:42,467 [BombeRLeWorld] INFO: Agent <rule_based_agent_0> stayed within acceptable think time.
2026-08-15 13:17:42,467 [BombeRLeWorld] INFO: Agent <rule_based_agent_1> chose action DOWN in 0.00s.
2026-08-15 13:17:42,467 [BombeRLeWorld] INFO: Agent <rule_based_agent_1> stayed within acceptable think time.
2026-08-15 13:17:42,467 [BombeRLeWorld] INFO: Agent <rule_based_agent_2> chose action UP in 0.00s.
2026-08-15 13:17:42,467 [BombeRLeWorld] INFO: Agent <rule_based_agent_2> stayed within acceptable think time.
2026-08-15 13:17:42,565 [BombeRLeWorld] INFO: STARTING STEP 137
2026-08-15 13:17:42,567 [BombeRLeWorld] INFO: Agent <rule_based_agent_2> chose action DOWN in 0.00s.
2026-08-15 13:17:42,567 [BombeRLeWorld] INFO: Agent <rule_based_agent_2> stayed within acceptable think time.
2026-08-15 13:17:42,567 [BombeRLeWorld] INFO: Agent <rule_based_agent_0> chose action DOWN in 0.00s.
2026-08-15 13:17:42,567 [BombeRLeWorld] INFO: Agent <rule_based_agent_0> stayed within acceptable think time.
2026-08-15 13:17:42,567 [BombeRLeWorld] INFO: Agent <rule_based_agent_1> chose action RIGHT in 0.00s.
2026-08-15 13:17:42,567 [BombeRLeWorld] INFO: Agent <rule_based_agent_1> stayed within acceptable think time.
2026-08-15 13:17:42,666 [BombeRLeWorld] INFO: STARTING STEP 138
2026-08-15 13:17:42,667 [BombeRLeWorld] INFO: Agent <rule_based_agent_0> chose action DOWN in 0.00s.
2026-08-15 13:17:42,667 [BombeRLeWorld] INFO: Agent <rule_based_agent_0> stayed within acceptable think time.
2026-08-15 13:17:42,667 [BombeRLeWorld] INFO: Agent <rule_based_agent_1> chose action LEFT in 0.00s.
2026-08-15 13:17:42,667 [BombeRLeWorld] INFO: Agent <rule_based_agent_1> stayed within acceptable think time.
2026-08-15 13:17:42,667 [BombeRLeWorld] INFO: Agent <rule_based_agent_2> chose action UP in 0.00s.
2026-08-15 13:17:42,667 [BombeRLeWorld] INFO: Agent <rule_based_agent_2> stayed within acceptable think time.
2026-08-15 13:17:42,766 [BombeRLeWorld] INFO: STARTING STEP 139
2026-08-15 13:17:42,768 [BombeRLeWorld] INFO: Agent <rule_based_agent_0> chose action BOMB in 0.00s.
2026-08-15 13:17:42,768 [BombeRLeWorld] INFO: Agent <rule_based_agent_0> stayed within acceptable think time.
2026-08-15 13:17:42,768 [BombeRLeWorld] INFO: Agent <rule_based_agent_0> drops bomb at (np.int64(13), np.int64(10))
2026-08-15 13:17:42,768 [BombeRLeWorld] INFO: Agent <rule_based_agent_1> chose action BOMB in 0.00s.
2026-08-15 13:17:42,768 [BombeRLeWorld] INFO: Agent <rule_based_agent_1> stayed within acceptable think time.
2026-08-15 13:17:42,768 [BombeRLeWorld] INFO: Agent <rule_based_agent_1> drops bomb at (np.int64(13), np.int64(11))
2026-08-15 13:17:42,768 [BombeRLeWorld] INFO: Agent <rule_based_agent_2> chose action BOMB in 0.00s.
2026-08-15 13:17:42,768 [BombeRLeWorld] INFO: Agent <rule_based_agent_2> stayed within acceptable think time.
2026-08-15 13:17:42,768 [BombeRLeWorld] INFO: Agent <rule_based_agent_2> drops bomb at (np.int64(13), np.int64(12))
2026-08-15 13:17:42,866 [BombeRLeWorld] INFO: STARTING STEP 140
2026-08-15 13:17:42,871 [BombeRLeWorld] INFO: Agent <rule_based_agent_0> chose action UP in 0.00s.
2026-08-15 13:17:42,871 [BombeRLeWorld] INFO: Agent <rule_based_agent_0> stayed within acceptable think time.
2026-08-15 13:17:42,871 [BombeRLeWorld] INFO: Agent <rule_based_agent_1> chose action LEFT in 0.00s.
2026-08-15 13:17:42,871 [BombeRLeWorld] INFO: Agent <rule_based_agent_1> stayed within acceptable think time.
2026-08-15 13:17:42,871 [BombeRLeWorld] INFO: Agent <rule_based_agent_2> chose action DOWN in 0.00s.
2026-08-15 13:17:42,871 [BombeRLeWorld] INFO: Agent <rule_based_agent_2> stayed within acceptable think time.
2026-08-15 13:17:42,965 [BombeRLeWorld] INFO: STARTING STEP 141
2026-08-15 13:17:42,968 [BombeRLeWorld] INFO: Agent <rule_based_agent_2> chose action LEFT in 0.00s.
2026-08-15 13:17:42,968 [BombeRLeWorld] INFO: Agent <rule_based_agent_2> stayed within acceptable think time.
2026-08-15 13:17:42,968 [BombeRLeWorld] INFO: Agent <rule_based_agent_1> chose action LEFT in 0.00s.
2026-08-15 13:17:42,968 [BombeRLeWorld] INFO: Agent <rule_based_agent_1> stayed within acceptable think time.
2026-08-15 13:17:42,968 [BombeRLeWorld] INFO: Agent <rule_based_agent_0> chose action RIGHT in 0.00s.
2026-08-15 13:17:42,968 [BombeRLeWorld] INFO: Agent <rule_based_agent_0> stayed within acceptable think time.
2026-08-15 13:17:43,066 [BombeRLeWorld] INFO: STARTING STEP 142
2026-08-15 13:17:43,069 [BombeRLeWorld] INFO: Agent <rule_based_agent_2> chose action RIGHT in 0.00s.
2026-08-15 13:17:43,069 [BombeRLeWorld] INFO: Agent <rule_based_agent_2> stayed within acceptable think time.
2026-08-15 13:17:43,069 [BombeRLeWorld] INFO: Agent <rule_based_agent_1> chose action DOWN in 0.00s.
2026-08-15 13:17:43,069 [BombeRLeWorld] INFO: Agent <rule_based_agent_1> stayed within acceptable think time.
2026-08-15 13:17:43,069 [BombeRLeWorld] INFO: Agent <rule_based_agent_0> chose action LEFT in 0.00s.
2026-08-15 13:17:43,069 [BombeRLeWorld] INFO: Agent <rule_based_agent_0> stayed within acceptable think time.
2026-08-15 13:17:43,166 [BombeRLeWorld] INFO: STARTING STEP 143
2026-08-15 13:17:43,170 [BombeRLeWorld] INFO: Agent <rule_based_agent_1> chose action DOWN in 0.00s.
2026-08-15 13:17:43,170 [BombeRLeWorld] INFO: Agent <rule_based_agent_1> stayed within acceptable think time.
2026-08-15 13:17:43,170 [BombeRLeWorld] INFO: Agent <rule_based_agent_2> chose action LEFT in 0.00s.
2026-08-15 13:17:43,170 [BombeRLeWorld] INFO: Agent <rule_based_agent_2> stayed within acceptable think time.
2026-08-15 13:17:43,170 [BombeRLeWorld] INFO: Agent <rule_based_agent_0> chose action RIGHT in 0.00s.
2026-08-15 13:17:43,170 [BombeRLeWorld] INFO: Agent <rule_based_agent_0> stayed within acceptable think time.
2026-08-15 13:17:43,170 [BombeRLeWorld] INFO: Agent <rule_based_agent_0>'s bomb at (np.int64(13), np.int64(10)) explodes
2026-08-15 13:17:43,170 [BombeRLeWorld] INFO: Agent <rule_based_agent_1>'s bomb at (np.int64(13), np.int64(11)) explodes
2026-08-15 13:17:43,170 [BombeRLeWorld] INFO: Agent <rule_based_agent_2>'s bomb at (np.int64(13), np.int64(12)) explodes
2026-08-15 13:17:43,267 [BombeRLeWorld] INFO: STARTING STEP 144
2026-08-15 13:17:43,270 [BombeRLeWorld] INFO: Agent <rule_based_agent_2> chose action None in 0.00s.
2026-08-15 13:17:43,270 [BombeRLeWorld] INFO: Agent <rule_based_agent_2> stayed within acceptable think time.
2026-08-15 13:17:43,270 [BombeRLeWorld] INFO: Agent <rule_based_agent_0> chose action RIGHT in 0.00s.
2026-08-15 13:17:43,270 [BombeRLeWorld] INFO: Agent <rule_based_agent_0> stayed within acceptable think time.
2026-08-15 13:17:43,270 [BombeRLeWorld] INFO: Agent <rule_based_agent_1> chose action UP in 0.00s.
2026-08-15 13:17:43,270 [BombeRLeWorld] INFO: Agent <rule_based_agent_1> stayed within acceptable think time.
2026-08-15 13:17:43,367 [BombeRLeWorld] INFO: STARTING STEP 145
2026-08-15 13:17:43,369 [BombeRLeWorld] INFO: Agent <rule_based_agent_2> chose action LEFT in 0.00s.
2026-08-15 13:17:43,369 [BombeRLeWorld] INFO: Agent <rule_based_agent_2> stayed within acceptable think time.
2026-08-15 13:17:43,369 [BombeRLeWorld] INFO: Agent <rule_based_agent_0> chose action LEFT in 0.00s.
2026-08-15 13:17:43,369 [BombeRLeWorld] INFO: Agent <rule_based_agent_0> stayed within acceptable think time.
2026-08-15 13:17:43,369 [BombeRLeWorld] INFO: Agent <rule_based_agent_1> chose action DOWN in 0.00s.
2026-08-15 13:17:43,369 [BombeRLeWorld] INFO: Agent <rule_based_agent_1> stayed within acceptable think time.
2026-08-15 13:17:43,467 [BombeRLeWorld] INFO: STARTING STEP 146
2026-08-15 13:17:43,469 [BombeRLeWorld] INFO: Agent <rule_based_agent_2> chose action BOMB in 0.00s.
2026-08-15 13:17:43,469 [BombeRLeWorld] INFO: Agent <rule_based_agent_2> stayed within acceptable think time.
2026-08-15 13:17:43,469 [BombeRLeWorld] INFO: Agent <rule_based_agent_2> drops bomb at (np.int64(11), np.int64(13))
2026-08-15 13:17:43,469 [BombeRLeWorld] INFO: Agent <rule_based_agent_1> chose action BOMB in 0.00s.
2026-08-15 13:17:43,469 [BombeRLeWorld] INFO: Agent <rule_based_agent_1> stayed within acceptable think time.
2026-08-15 13:17:43,469 [BombeRLeWorld] INFO: Agent <rule_based_agent_1> drops bomb at (np.int64(11), np.int64(12))
2026-08-15 13:17:43,469 [BombeRLeWorld] INFO: Agent <rule_based_agent_0> chose action LEFT in 0.00s.
2026-08-15 13:17:43,469 [BombeRLeWorld] INFO: Agent <rule_based_agent_0> stayed within acceptable think time.
2026-08-15 13:17:43,568 [BombeRLeWorld] INFO: STARTING STEP 147
2026-08-15 13:17:43,572 [BombeRLeWorld] INFO: Agent <rule_based_agent_0> chose action RIGHT in 0.00s.
2026-08-15 13:17:43,572 [BombeRLeWorld] INFO: Agent <rule_based_agent_0> stayed within acceptable think time.
2026-08-15 13:17:43,572 [BombeRLeWorld] INFO: Agent <rule_based_agent_1> chose action UP in 0.00s.
2026-08-15 13:17:43,572 [BombeRLeWorld] INFO: Agent <rule_based_agent_1> stayed within acceptable think time.
2026-08-15 13:17:43,572 [BombeRLeWorld] INFO: Agent <rule_based_agent_2> chose action DOWN in 0.00s.
2026-08-15 13:17:43,572 [BombeRLeWorld] INFO: Agent <rule_based_agent_2> stayed within acceptable think time.
2026-08-15 13:17:43,667 [BombeRLeWorld] INFO: STARTING STEP 148
2026-08-15 13:17:43,671 [BombeRLeWorld] INFO: Agent <rule_based_agent_1> chose action RIGHT in 0.00s.
2026-08-15 13:17:43,671 [BombeRLeWorld] INFO: Agent <rule_based_agent_1> stayed within acceptable think time.
2026-08-15 13:17:43,671 [BombeRLeWorld] INFO: Agent <rule_based_agent_2> chose action DOWN in 0.00s.
2026-08-15 13:17:43,671 [BombeRLeWorld] INFO: Agent <rule_based_agent_2> stayed within acceptable think time.
2026-08-15 13:17:43,671 [BombeRLeWorld] INFO: Agent <rule_based_agent_0> chose action RIGHT in 0.00s.
2026-08-15 13:17:43,671 [BombeRLeWorld] INFO: Agent <rule_based_agent_0> stayed within acceptable think time.
2026-08-15 13:17:43,767 [BombeRLeWorld] INFO: STARTING STEP 149
2026-08-15 13:17:43,771 [BombeRLeWorld] INFO: Agent <rule_based_agent_2> chose action RIGHT in 0.00s.
2026-08-15 13:17:43,771 [BombeRLeWorld] INFO: Agent <rule_based_agent_2> stayed within acceptable think time.
2026-08-15 13:17:43,771 [BombeRLeWorld] INFO: Agent <rule_based_agent_0> chose action BOMB in 0.00s.
2026-08-15 13:17:43,771 [BombeRLeWorld] INFO: Agent <rule_based_agent_0> stayed within acceptable think time.
2026-08-15 13:17:43,771 [BombeRLeWorld] INFO: Agent <rule_based_agent_0> drops bomb at (np.int64(15), np.int64(9))
2026-08-15 13:17:43,771 [BombeRLeWorld] INFO: Agent <rule_based_agent_1> chose action RIGHT in 0.00s.
2026-08-15 13:17:43,771 [BombeRLeWorld] INFO: Agent <rule_based_agent_1> stayed within acceptable think time.
2026-08-15 13:17:43,867 [BombeRLeWorld] INFO: STARTING STEP 150
2026-08-15 13:17:43,871 [BombeRLeWorld] INFO: Agent <rule_based_agent_0> chose action UP in 0.00s.
2026-08-15 13:17:43,871 [BombeRLeWorld] INFO: Agent <rule_based_agent_0> stayed within acceptable think time.
2026-08-15 13:17:43,872 [BombeRLeWorld] INFO: Agent <rule_based_agent_2> chose action RIGHT in 0.00s.
2026-08-15 13:17:43,872 [BombeRLeWorld] INFO: Agent <rule_based_agent_2> stayed within acceptable think time.
2026-08-15 13:17:43,872 [BombeRLeWorld] INFO: Agent <rule_based_agent_1> chose action RIGHT in 0.00s.
2026-08-15 13:17:43,872 [BombeRLeWorld] INFO: Agent <rule_based_agent_1> stayed within acceptable think time.
2026-08-15 13:17:43,872 [BombeRLeWorld] INFO: Agent <rule_based_agent_2>'s bomb at (np.int64(11), np.int64(13)) explodes
2026-08-15 13:17:43,872 [BombeRLeWorld] INFO: Agent <rule_based_agent_1>'s bomb at (np.int64(11), np.int64(12)) explodes
2026-08-15 13:17:43,967 [BombeRLeWorld] INFO: STARTING STEP 151
2026-08-15 13:17:43,971 [BombeRLeWorld] INFO: Agent <rule_based_agent_0> chose action UP in 0.00s.
2026-08-15 13:17:43,971 [BombeRLeWorld] INFO: Agent <rule_based_agent_0> stayed within acceptable think time.
2026-08-15 13:17:43,971 [BombeRLeWorld] INFO: Agent <rule_based_agent_2> chose action UP in 0.00s.
2026-08-15 13:17:43,971 [BombeRLeWorld] INFO: Agent <rule_based_agent_2> stayed within acceptable think time.
2026-08-15 13:17:43,971 [BombeRLeWorld] INFO: Agent <rule_based_agent_1> chose action RIGHT in 0.00s.
2026-08-15 13:17:43,971 [BombeRLeWorld] INFO: Agent <rule_based_agent_1> stayed within acceptable think time.
2026-08-15 13:17:44,068 [BombeRLeWorld] INFO: STARTING STEP 152
2026-08-15 13:17:44,072 [BombeRLeWorld] INFO: Agent <rule_based_agent_2> chose action UP in 0.00s.
2026-08-15 13:17:44,072 [BombeRLeWorld] INFO: Agent <rule_based_agent_2> stayed within acceptable think time.
2026-08-15 13:17:44,072 [BombeRLeWorld] INFO: Agent <rule_based_agent_1> chose action LEFT in 0.00s.
2026-08-15 13:17:44,072 [BombeRLeWorld] INFO: Agent <rule_based_agent_1> stayed within acceptable think time.
2026-08-15 13:17:44,072 [BombeRLeWorld] INFO: Agent <rule_based_agent_0> chose action UP in 0.00s.
2026-08-15 13:17:44,072 [BombeRLeWorld] INFO: Agent <rule_based_agent_0> stayed within acceptable think time.
2026-08-15 13:17:44,168 [BombeRLeWorld] INFO: STARTING STEP 153
2026-08-15 13:17:44,172 [BombeRLeWorld] INFO: Agent <rule_based_agent_0> chose action UP in 0.00s.
2026-08-15 13:17:44,172 [BombeRLeWorld] INFO: Agent <rule_based_agent_0> stayed within acceptable think time.
2026-08-15 13:17:44,172 [BombeRLeWorld] INFO: Agent <rule_based_agent_1> chose action LEFT in 0.00s.
2026-08-15 13:17:44,172 [BombeRLeWorld] INFO: Agent <rule_based_agent_1> stayed within acceptable think time.
2026-08-15 13:17:44,172 [BombeRLeWorld] INFO: Agent <rule_based_agent_2> chose action RIGHT in 0.00s.
2026-08-15 13:17:44,172 [BombeRLeWorld] INFO: Agent <rule_based_agent_2> stayed within acceptable think time.
2026-08-15 13:17:44,172 [BombeRLeWorld] INFO: Agent <rule_based_agent_0>'s bomb at (np.int64(15), np.int64(9)) explodes
2026-08-15 13:17:44,268 [BombeRLeWorld] INFO: STARTING STEP 154
2026-08-15 13:17:44,272 [BombeRLeWorld] INFO: Agent <rule_based_agent_2> chose action RIGHT in 0.00s.
2026-08-15 13:17:44,272 [BombeRLeWorld] INFO: Agent <rule_based_agent_2> stayed within acceptable think time.
2026-08-15 13:17:44,272 [BombeRLeWorld] INFO: Agent <rule_based_agent_0> chose action UP in 0.00s.
2026-08-15 13:17:44,272 [BombeRLeWorld] INFO: Agent <rule_based_agent_0> stayed within acceptable think time.
2026-08-15 13:17:44,272 [BombeRLeWorld] INFO: Agent <rule_based_agent_1> chose action UP in 0.00s.
2026-08-15 13:17:44,272 [BombeRLeWorld] INFO: Agent <rule_based_agent_1> stayed within acceptable think time.
2026-08-15 13:17:44,368 [BombeRLeWorld] INFO: STARTING STEP 155
2026-08-15 13:17:44,373 [BombeRLeWorld] INFO: Agent <rule_based_agent_2> chose action UP in 0.00s.
2026-08-15 13:17:44,373 [BombeRLeWorld] INFO: Agent <rule_based_agent_2> stayed within acceptable think time.
2026-08-15 13:17:44,373 [BombeRLeWorld] INFO: Agent <rule_based_agent_1> chose action UP in 0.00s.
2026-08-15 13:17:44,373 [BombeRLeWorld] INFO: Agent <rule_based_agent_1> stayed within acceptable think time.
2026-08-15 13:17:44,373 [BombeRLeWorld] INFO: Agent <rule_based_agent_0> chose action DOWN in 0.00s.
2026-08-15 13:17:44,373 [BombeRLeWorld] INFO: Agent <rule_based_agent_0> stayed within acceptable think time.
2026-08-15 13:17:44,468 [BombeRLeWorld] INFO: STARTING STEP 156
2026-08-15 13:17:44,472 [BombeRLeWorld] INFO: Agent <rule_based_agent_1> chose action UP in 0.00s.
2026-08-15 13:17:44,472 [BombeRLeWorld] INFO: Agent <rule_based_agent_1> stayed within acceptable think time.
2026-08-15 13:17:44,472 [BombeRLeWorld] INFO: Agent <rule_based_agent_2> chose action UP in 0.00s.
2026-08-15 13:17:44,472 [BombeRLeWorld] INFO: Agent <rule_based_agent_2> stayed within acceptable think time.
2026-08-15 13:17:44,472 [BombeRLeWorld] INFO: Agent <rule_based_agent_0> chose action DOWN in 0.00s.
2026-08-15 13:17:44,472 [BombeRLeWorld] INFO: Agent <rule_based_agent_0> stayed within acceptable think time.
2026-08-15 13:17:44,568 [BombeRLeWorld] INFO: STARTING STEP 157
2026-08-15 13:17:44,573 [BombeRLeWorld] INFO: Agent <rule_based_agent_0> chose action DOWN in 0.00s.
2026-08-15 13:17:44,573 [BombeRLeWorld] INFO: Agent <rule_based_agent_0> stayed within acceptable think time.
2026-08-15 13:17:44,573 [BombeRLeWorld] INFO: Agent <rule_based_agent_1> chose action UP in 0.00s.
2026-08-15 13:17:44,573 [BombeRLeWorld] INFO: Agent <rule_based_agent_1> stayed within acceptable think time.
2026-08-15 13:17:44,573 [BombeRLeWorld] INFO: Agent <rule_based_agent_2> chose action UP in 0.00s.
2026-08-15 13:17:44,573 [BombeRLeWorld] INFO: Agent <rule_based_agent_2> stayed within acceptable think time.
2026-08-15 13:17:44,668 [BombeRLeWorld] INFO: STARTING STEP 158
2026-08-15 13:17:44,671 [BombeRLeWorld] INFO: Agent <rule_based_agent_2> chose action UP in 0.00s.
2026-08-15 13:17:44,671 [BombeRLeWorld] INFO: Agent <rule_based_agent_2> stayed within acceptable think time.
2026-08-15 13:17:44,671 [BombeRLeWorld] INFO: Agent <rule_based_agent_1> chose action BOMB in 0.00s.
2026-08-15 13:17:44,671 [BombeRLeWorld] INFO: Agent <rule_based_agent_1> stayed within acceptable think time.
2026-08-15 13:17:44,671 [BombeRLeWorld] INFO: Agent <rule_based_agent_1> drops bomb at (np.int64(13), np.int64(7))
2026-08-15 13:17:44,671 [BombeRLeWorld] INFO: Agent <rule_based_agent_0> chose action DOWN in 0.00s.
2026-08-15 13:17:44,671 [BombeRLeWorld] INFO: Agent <rule_based_agent_0> stayed within acceptable think time.
2026-08-15 13:17:44,768 [BombeRLeWorld] INFO: STARTING STEP 159
2026-08-15 13:17:44,770 [BombeRLeWorld] INFO: Agent <rule_based_agent_1> chose action DOWN in 0.00s.
2026-08-15 13:17:44,770 [BombeRLeWorld] INFO: Agent <rule_based_agent_1> stayed within acceptable think time.
2026-08-15 13:17:44,770 [BombeRLeWorld] INFO: Agent <rule_based_agent_2> chose action BOMB in 0.00s.
2026-08-15 13:17:44,770 [BombeRLeWorld] INFO: Agent <rule_based_agent_2> stayed within acceptable think time.
2026-08-15 13:17:44,770 [BombeRLeWorld] INFO: Agent <rule_based_agent_2> drops bomb at (np.int64(15), np.int64(9))
2026-08-15 13:17:44,770 [BombeRLeWorld] INFO: Agent <rule_based_agent_0> chose action BOMB in 0.00s.
2026-08-15 13:17:44,770 [BombeRLeWorld] INFO: Agent <rule_based_agent_0> stayed within acceptable think time.
2026-08-15 13:17:44,770 [BombeRLeWorld] INFO: Agent <rule_based_agent_0> drops bomb at (np.int64(15), np.int64(8))
2026-08-15 13:17:44,869 [BombeRLeWorld] INFO: STARTING STEP 160
2026-08-15 13:17:44,872 [BombeRLeWorld] INFO: Agent <rule_based_agent_2> chose action DOWN in 0.00s.
2026-08-15 13:17:44,872 [BombeRLeWorld] INFO: Agent <rule_based_agent_2> stayed within acceptable think time.
2026-08-15 13:17:44,872 [BombeRLeWorld] INFO: Agent <rule_based_agent_1> chose action DOWN in 0.00s.
2026-08-15 13:17:44,872 [BombeRLeWorld] INFO: Agent <rule_based_agent_1> stayed within acceptable think time.
2026-08-15 13:17:44,872 [BombeRLeWorld] INFO: Agent <rule_based_agent_0> chose action UP in 0.00s.
2026-08-15 13:17:44,872 [BombeRLeWorld] INFO: Agent <rule_based_agent_0> stayed within acceptable think time.
2026-08-15 13:17:44,969 [BombeRLeWorld] INFO: STARTING STEP 161
2026-08-15 13:17:44,970 [BombeRLeWorld] INFO: Agent <rule_based_agent_1> chose action DOWN in 0.00s.
2026-08-15 13:17:44,970 [BombeRLeWorld] INFO: Agent <rule_based_agent_1> stayed within acceptable think time.
2026-08-15 13:17:44,970 [BombeRLeWorld] INFO: Agent <rule_based_agent_2> chose action DOWN in 0.00s.
2026-08-15 13:17:44,971 [BombeRLeWorld] INFO: Agent <rule_based_agent_2> stayed within acceptable think time.
2026-08-15 13:17:44,971 [BombeRLeWorld] INFO: Agent <rule_based_agent_0> chose action UP in 0.00s.
2026-08-15 13:17:44,971 [BombeRLeWorld] INFO: Agent <rule_based_agent_0> stayed within acceptable think time.
2026-08-15 13:17:45,069 [BombeRLeWorld] INFO: STARTING STEP 162
2026-08-15 13:17:45,071 [BombeRLeWorld] INFO: Agent <rule_based_agent_0> chose action UP in 0.00s.
2026-08-15 13:17:45,071 [BombeRLeWorld] INFO: Agent <rule_based_agent_0> stayed within acceptable think time.
2026-08-15 13:17:45,071 [BombeRLeWorld] INFO: Agent <rule_based_agent_1> chose action DOWN in 0.00s.
2026-08-15 13:17:45,071 [BombeRLeWorld] INFO: Agent <rule_based_agent_1> stayed within acceptable think time.
2026-08-15 13:17:45,071 [BombeRLeWorld] INFO: Agent <rule_based_agent_2> chose action LEFT in 0.00s.
2026-08-15 13:17:45,071 [BombeRLeWorld] INFO: Agent <rule_based_agent_2> stayed within acceptable think time.
2026-08-15 13:17:45,071 [BombeRLeWorld] INFO: Agent <rule_based_agent_1>'s bomb at (np.int64(13), np.int64(7)) explodes
2026-08-15 13:17:45,170 [BombeRLeWorld] INFO: STARTING STEP 163
2026-08-15 13:17:45,171 [BombeRLeWorld] INFO: Agent <rule_based_agent_2> chose action None in 0.00s.
2026-08-15 13:17:45,171 [BombeRLeWorld] INFO: Agent <rule_based_agent_2> stayed within acceptable think time.
2026-08-15 13:17:45,171 [BombeRLeWorld] INFO: Agent <rule_based_agent_0> chose action UP in 0.00s.
2026-08-15 13:17:45,171 [BombeRLeWorld] INFO: Agent <rule_based_agent_0> stayed within acceptable think time.
2026-08-15 13:17:45,171 [BombeRLeWorld] INFO: Agent <rule_based_agent_1> chose action LEFT in 0.00s.
2026-08-15 13:17:45,171 [BombeRLeWorld] INFO: Agent <rule_based_agent_1> stayed within acceptable think time.
2026-08-15 13:17:45,171 [BombeRLeWorld] INFO: Agent <rule_based_agent_2>'s bomb at (np.int64(15), np.int64(9)) explodes
2026-08-15 13:17:45,171 [BombeRLeWorld] INFO: Agent <rule_based_agent_0>'s bomb at (np.int64(15), np.int64(8)) explodes
2026-08-15 13:17:45,271 [BombeRLeWorld] INFO: STARTING STEP 164
2026-08-15 13:17:45,272 [BombeRLeWorld] INFO: Agent <rule_based_agent_1> chose action RIGHT in 0.00s.
2026-08-15 13:17:45,272 [BombeRLeWorld] INFO: Agent <rule_based_agent_1> stayed within acceptable think time.
2026-08-15 13:17:45,272 [BombeRLeWorld] INFO: Agent <rule_based_agent_0> chose action UP in 0.00s.
2026-08-15 13:17:45,272 [BombeRLeWorld] INFO: Agent <rule_based_agent_0> stayed within acceptable think time.
2026-08-15 13:17:45,272 [BombeRLeWorld] INFO: Agent <rule_based_agent_2> chose action LEFT in 0.00s.
2026-08-15 13:17:45,272 [BombeRLeWorld] INFO: Agent <rule_based_agent_2> stayed within acceptable think time.
2026-08-15 13:17:45,370 [BombeRLeWorld] INFO: STARTING STEP 165
2026-08-15 13:17:45,373 [BombeRLeWorld] INFO: Agent <rule_based_agent_1> chose action UP in 0.00s.
2026-08-15 13:17:45,373 [BombeRLeWorld] INFO: Agent <rule_based_agent_1> stayed within acceptable think time.
2026-08-15 13:17:45,373 [BombeRLeWorld] INFO: Agent <rule_based_agent_0> chose action DOWN in 0.00s.
2026-08-15 13:17:45,373 [BombeRLeWorld] INFO: Agent <rule_based_agent_0> stayed within acceptable think time.
2026-08-15 13:17:45,373 [BombeRLeWorld] INFO: Agent <rule_based_agent_2> chose action RIGHT in 0.00s.
2026-08-15 13:17:45,373 [BombeRLeWorld] INFO: Agent <rule_based_agent_2> stayed within acceptable think time.
2026-08-15 13:17:45,470 [BombeRLeWorld] INFO: STARTING STEP 166
2026-08-15 13:17:45,473 [BombeRLeWorld] INFO: Agent <rule_based_agent_2> chose action LEFT in 0.00s.
2026-08-15 13:17:45,473 [BombeRLeWorld] INFO: Agent <rule_based_agent_2> stayed within acceptable think time.
2026-08-15 13:17:45,473 [BombeRLeWorld] INFO: Agent <rule_based_agent_0> chose action DOWN in 0.00s.
2026-08-15 13:17:45,473 [BombeRLeWorld] INFO: Agent <rule_based_agent_0> stayed within acceptable think time.
2026-08-15 13:17:45,473 [BombeRLeWorld] INFO: Agent <rule_based_agent_1> chose action UP in 0.00s.
2026-08-15 13:17:45,473 [BombeRLeWorld] INFO: Agent <rule_based_agent_1> stayed within acceptable think time.
2026-08-15 13:17:45,571 [BombeRLeWorld] INFO: STARTING STEP 167
2026-08-15 13:17:45,575 [BombeRLeWorld] INFO: Agent <rule_based_agent_2> chose action LEFT in 0.00s.
2026-08-15 13:17:45,575 [BombeRLeWorld] INFO: Agent <rule_based_agent_2> stayed within acceptable think time.
2026-08-15 13:17:45,575 [BombeRLeWorld] INFO: Agent <rule_based_agent_1> chose action UP in 0.00s.
2026-08-15 13:17:45,575 [BombeRLeWorld] INFO: Agent <rule_based_agent_1> stayed within acceptable think time.
2026-08-15 13:17:45,575 [BombeRLeWorld] INFO: Agent <rule_based_agent_0> chose action BOMB in 0.00s.
2026-08-15 13:17:45,575 [BombeRLeWorld] INFO: Agent <rule_based_agent_0> stayed within acceptable think time.
2026-08-15 13:17:45,575 [BombeRLeWorld] INFO: Agent <rule_based_agent_0> drops bomb at (np.int64(15), np.int64(5))
2026-08-15 13:17:45,671 [BombeRLeWorld] INFO: STARTING STEP 168
2026-08-15 13:17:45,676 [BombeRLeWorld] INFO: Agent <rule_based_agent_1> chose action UP in 0.00s.
2026-08-15 13:17:45,676 [BombeRLeWorld] INFO: Agent <rule_based_agent_1> stayed within acceptable think time.
2026-08-15 13:17:45,676 [BombeRLeWorld] INFO: Agent <rule_based_agent_2> chose action UP in 0.00s.
2026-08-15 13:17:45,676 [BombeRLeWorld] INFO: Agent <rule_based_agent_2> stayed within acceptable think time.
2026-08-15 13:17:45,676 [BombeRLeWorld] INFO: Agent <rule_based_agent_0> chose action DOWN in 0.00s.
2026-08-15 13:17:45,676 [BombeRLeWorld] INFO: Agent <rule_based_agent_0> stayed within acceptable think time.
2026-08-15 13:17:45,771 [BombeRLeWorld] INFO: STARTING STEP 169
2026-08-15 13:17:45,776 [BombeRLeWorld] INFO: Agent <rule_based_agent_1> chose action UP in 0.00s.
2026-08-15 13:17:45,776 [BombeRLeWorld] INFO: Agent <rule_based_agent_1> stayed within acceptable think time.
2026-08-15 13:17:45,776 [BombeRLeWorld] INFO: Agent <rule_based_agent_0> chose action DOWN in 0.00s.
2026-08-15 13:17:45,776 [BombeRLeWorld] INFO: Agent <rule_based_agent_0> stayed within acceptable think time.
2026-08-15 13:17:45,776 [BombeRLeWorld] INFO: Agent <rule_based_agent_2> chose action UP in 0.00s.
2026-08-15 13:17:45,776 [BombeRLeWorld] INFO: Agent <rule_based_agent_2> stayed within acceptable think time.
2026-08-15 13:17:45,871 [BombeRLeWorld] INFO: STARTING STEP 170
2026-08-15 13:17:45,875 [BombeRLeWorld] INFO: Agent <rule_based_agent_2> chose action UP in 0.00s.
2026-08-15 13:17:45,875 [BombeRLeWorld] INFO: Agent <rule_based_agent_2> stayed within acceptable think time.
2026-08-15 13:17:45,875 [BombeRLeWorld] INFO: Agent <rule_based_agent_1> chose action DOWN in 0.00s.
2026-08-15 13:17:45,875 [BombeRLeWorld] INFO: Agent <rule_based_agent_1> stayed within acceptable think time.
2026-08-15 13:17:45,875 [BombeRLeWorld] INFO: Agent <rule_based_agent_0> chose action LEFT in 0.00s.
2026-08-15 13:17:45,875 [BombeRLeWorld] INFO: Agent <rule_based_agent_0> stayed within acceptable think time.
2026-08-15 13:17:45,972 [BombeRLeWorld] INFO: STARTING STEP 171
2026-08-15 13:17:45,977 [BombeRLeWorld] INFO: Agent <rule_based_agent_0> chose action None in 0.00s.
2026-08-15 13:17:45,977 [BombeRLeWorld] INFO: Agent <rule_based_agent_0> stayed within acceptable think time.
2026-08-15 13:17:45,977 [BombeRLeWorld] INFO: Agent <rule_based_agent_2> chose action BOMB in 0.00s.
2026-08-15 13:17:45,977 [BombeRLeWorld] INFO: Agent <rule_based_agent_2> stayed within acceptable think time.
2026-08-15 13:17:45,977 [BombeRLeWorld] INFO: Agent <rule_based_agent_2> drops bomb at (np.int64(13), np.int64(8))
2026-08-15 13:17:45,977 [BombeRLeWorld] INFO: Agent <rule_based_agent_1> chose action UP in 0.00s.
2026-08-15 13:17:45,977 [BombeRLeWorld] INFO: Agent <rule_based_agent_1> stayed within acceptable think time.
2026-08-15 13:17:45,977 [BombeRLeWorld] INFO: Agent <rule_based_agent_0>'s bomb at (np.int64(15), np.int64(5)) explodes
2026-08-15 13:17:46,073 [BombeRLeWorld] INFO: STARTING STEP 172
2026-08-15 13:17:46,077 [BombeRLeWorld] INFO: Agent <rule_based_agent_2> chose action DOWN in 0.00s.
2026-08-15 13:17:46,077 [BombeRLeWorld] INFO: Agent <rule_based_agent_2> stayed within acceptable think time.
2026-08-15 13:17:46,077 [BombeRLeWorld] INFO: Agent <rule_based_agent_1> chose action DOWN in 0.00s.
2026-08-15 13:17:46,077 [BombeRLeWorld] INFO: Agent <rule_based_agent_1> stayed within acceptable think time.
2026-08-15 13:17:46,077 [BombeRLeWorld] INFO: Agent <rule_based_agent_0> chose action LEFT in 0.00s.
2026-08-15 13:17:46,077 [BombeRLeWorld] INFO: Agent <rule_based_agent_0> stayed within acceptable think time.
2026-08-15 13:17:46,172 [BombeRLeWorld] INFO: STARTING STEP 173
2026-08-15 13:17:46,176 [BombeRLeWorld] INFO: Agent <rule_based_agent_2> chose action RIGHT in 0.00s.
2026-08-15 13:17:46,176 [BombeRLeWorld] INFO: Agent <rule_based_agent_2> stayed within acceptable think time.
2026-08-15 13:17:46,176 [BombeRLeWorld] INFO: Agent <rule_based_agent_0> chose action RIGHT in 0.00s.
2026-08-15 13:17:46,176 [BombeRLeWorld] INFO: Agent <rule_based_agent_0> stayed within acceptable think time.
2026-08-15 13:17:46,176 [BombeRLeWorld] INFO: Agent <rule_based_agent_1> chose action LEFT in 0.00s.
2026-08-15 13:17:46,176 [BombeRLeWorld] INFO: Agent <rule_based_agent_1> stayed within acceptable think time.
2026-08-15 13:17:46,273 [BombeRLeWorld] INFO: STARTING STEP 174
2026-08-15 13:17:46,276 [BombeRLeWorld] INFO: Agent <rule_based_agent_2> chose action RIGHT in 0.00s.
2026-08-15 13:17:46,276 [BombeRLeWorld] INFO: Agent <rule_based_agent_2> stayed within acceptable think time.
2026-08-15 13:17:46,276 [BombeRLeWorld] INFO: Agent <rule_based_agent_1> chose action RIGHT in 0.00s.
2026-08-15 13:17:46,277 [BombeRLeWorld] INFO: Agent <rule_based_agent_1> stayed within acceptable think time.
2026-08-15 13:17:46,277 [BombeRLeWorld] INFO: Agent <rule_based_agent_0> chose action LEFT in 0.00s.
2026-08-15 13:17:46,277 [BombeRLeWorld] INFO: Agent <rule_based_agent_0> stayed within acceptable think time.
2026-08-15 13:17:46,373 [BombeRLeWorld] INFO: STARTING STEP 175
2026-08-15 13:17:46,377 [BombeRLeWorld] INFO: Agent <rule_based_agent_0> chose action BOMB in 0.00s.
2026-08-15 13:17:46,377 [BombeRLeWorld] INFO: Agent <rule_based_agent_0> stayed within acceptable think time.
2026-08-15 13:17:46,377 [BombeRLeWorld] INFO: Agent <rule_based_agent_0> drops bomb at (np.int64(14), np.int64(7))
2026-08-15 13:17:46,377 [BombeRLeWorld] INFO: Agent <rule_based_agent_2> chose action DOWN in 0.00s.
2026-08-15 13:17:46,377 [BombeRLeWorld] INFO: Agent <rule_based_agent_2> stayed within acceptable think time.
2026-08-15 13:17:46,377 [BombeRLeWorld] INFO: Agent <rule_based_agent_1> chose action LEFT in 0.00s.
2026-08-15 13:17:46,377 [BombeRLeWorld] INFO: Agent <rule_based_agent_1> stayed within acceptable think time.
2026-08-15 13:17:46,377 [BombeRLeWorld] INFO: Agent <rule_based_agent_2>'s bomb at (np.int64(13), np.int64(8)) explodes
2026-08-15 13:17:46,474 [BombeRLeWorld] INFO: STARTING STEP 176
2026-08-15 13:17:46,478 [BombeRLeWorld] INFO: Agent <rule_based_agent_2> chose action UP in 0.00s.
2026-08-15 13:17:46,478 [BombeRLeWorld] INFO: Agent <rule_based_agent_2> stayed within acceptable think time.
2026-08-15 13:17:46,478 [BombeRLeWorld] INFO: Agent <rule_based_agent_0> chose action RIGHT in 0.00s.
2026-08-15 13:17:46,478 [BombeRLeWorld] INFO: Agent <rule_based_agent_0> stayed within acceptable think time.
2026-08-15 13:17:46,478 [BombeRLeWorld] INFO: Agent <rule_based_agent_1> chose action LEFT in 0.00s.
2026-08-15 13:17:46,478 [BombeRLeWorld] INFO: Agent <rule_based_agent_1> stayed within acceptable think time.
2026-08-15 13:17:46,573 [BombeRLeWorld] INFO: STARTING STEP 177
2026-08-15 13:17:46,578 [BombeRLeWorld] INFO: Agent <rule_based_agent_0> chose action DOWN in 0.00s.
2026-08-15 13:17:46,578 [BombeRLeWorld] INFO: Agent <rule_based_agent_0> stayed within acceptable think time.
2026-08-15 13:17:46,578 [BombeRLeWorld] INFO: Agent <rule_based_agent_2> chose action LEFT in 0.00s.
2026-08-15 13:17:46,578 [BombeRLeWorld] INFO: Agent <rule_based_agent_2> stayed within acceptable think time.
2026-08-15 13:17:46,578 [BombeRLeWorld] INFO: Agent <rule_based_agent_1> chose action DOWN in 0.00s.
2026-08-15 13:17:46,578 [BombeRLeWorld] INFO: Agent <rule_based_agent_1> stayed within acceptable think time.
2026-08-15 13:17:46,674 [BombeRLeWorld] INFO: STARTING STEP 178
2026-08-15 13:17:46,679 [BombeRLeWorld] INFO: Agent <rule_based_agent_2> chose action RIGHT in 0.00s.
2026-08-15 13:17:46,679 [BombeRLeWorld] INFO: Agent <rule_based_agent_2> stayed within acceptable think time.
2026-08-15 13:17:46,679 [BombeRLeWorld] INFO: Agent <rule_based_agent_0> chose action UP in 0.00s.
2026-08-15 13:17:46,679 [BombeRLeWorld] INFO: Agent <rule_based_agent_0> stayed within acceptable think time.
2026-08-15 13:17:46,679 [BombeRLeWorld] INFO: Agent <rule_based_agent_1> chose action UP in 0.00s.
2026-08-15 13:17:46,679 [BombeRLeWorld] INFO: Agent <rule_based_agent_1> stayed within acceptable think time.
2026-08-15 13:17:46,774 [BombeRLeWorld] INFO: STARTING STEP 179
2026-08-15 13:17:46,779 [BombeRLeWorld] INFO: Agent <rule_based_agent_0> chose action DOWN in 0.00s.
2026-08-15 13:17:46,779 [BombeRLeWorld] INFO: Agent <rule_based_agent_0> stayed within acceptable think time.
2026-08-15 13:17:46,779 [BombeRLeWorld] INFO: Agent <rule_based_agent_1> chose action DOWN in 0.00s.
2026-08-15 13:17:46,779 [BombeRLeWorld] INFO: Agent <rule_based_agent_1> stayed within acceptable think time.
2026-08-15 13:17:46,779 [BombeRLeWorld] INFO: Agent <rule_based_agent_2> chose action UP in 0.00s.
2026-08-15 13:17:46,779 [BombeRLeWorld] INFO: Agent <rule_based_agent_2> stayed within acceptable think time.
2026-08-15 13:17:46,779 [BombeRLeWorld] INFO: Agent <rule_based_agent_0>'s bomb at (np.int64(14), np.int64(7)) explodes
2026-08-15 13:17:46,874 [BombeRLeWorld] INFO: STARTING STEP 180
2026-08-15 13:17:46,878 [BombeRLeWorld] INFO: Agent <rule_based_agent_1> chose action DOWN in 0.00s.
2026-08-15 13:17:46,878 [BombeRLeWorld] INFO: Agent <rule_based_agent_1> stayed within acceptable think time.
2026-08-15 13:17:46,878 [BombeRLeWorld] INFO: Agent <rule_based_agent_0> chose action None in 0.00s.
2026-08-15 13:17:46,878 [BombeRLeWorld] INFO: Agent <rule_based_agent_0> stayed within acceptable think time.
2026-08-15 13:17:46,878 [BombeRLeWorld] INFO: Agent <rule_based_agent_2> chose action LEFT in 0.00s.
2026-08-15 13:17:46,878 [BombeRLeWorld] INFO: Agent <rule_based_agent_2> stayed within acceptable think time.
2026-08-15 13:17:46,975 [BombeRLeWorld] INFO: STARTING STEP 181
2026-08-15 13:17:46,979 [BombeRLeWorld] INFO: Agent <rule_based_agent_0> chose action UP in 0.00s.
2026-08-15 13:17:46,979 [BombeRLeWorld] INFO: Agent <rule_based_agent_0> stayed within acceptable think time.
2026-08-15 13:17:46,979 [BombeRLeWorld] INFO: Agent <rule_based_agent_1> chose action RIGHT in 0.00s.
2026-08-15 13:17:46,979 [BombeRLeWorld] INFO: Agent <rule_based_agent_1> stayed within acceptable think time.
2026-08-15 13:17:46,979 [BombeRLeWorld] INFO: Agent <rule_based_agent_2> chose action LEFT in 0.00s.
2026-08-15 13:17:46,979 [BombeRLeWorld] INFO: Agent <rule_based_agent_2> stayed within acceptable think time.
2026-08-15 13:17:47,075 [BombeRLeWorld] INFO: STARTING STEP 182
2026-08-15 13:17:47,078 [BombeRLeWorld] INFO: Agent <rule_based_agent_0> chose action UP in 0.00s.
2026-08-15 13:17:47,078 [BombeRLeWorld] INFO: Agent <rule_based_agent_0> stayed within acceptable think time.
2026-08-15 13:17:47,078 [BombeRLeWorld] INFO: Agent <rule_based_agent_1> chose action BOMB in 0.00s.
2026-08-15 13:17:47,079 [BombeRLeWorld] INFO: Agent <rule_based_agent_1> stayed within acceptable think time.
2026-08-15 13:17:47,079 [BombeRLeWorld] INFO: Agent <rule_based_agent_1> drops bomb at (np.int64(12), np.int64(9))
2026-08-15 13:17:47,079 [BombeRLeWorld] INFO: Agent <rule_based_agent_2> chose action BOMB in 0.00s.
2026-08-15 13:17:47,079 [BombeRLeWorld] INFO: Agent <rule_based_agent_2> stayed within acceptable think time.
2026-08-15 13:17:47,079 [BombeRLeWorld] INFO: Agent <rule_based_agent_2> drops bomb at (np.int64(13), np.int64(9))
2026-08-15 13:17:47,176 [BombeRLeWorld] INFO: STARTING STEP 183
2026-08-15 13:17:47,180 [BombeRLeWorld] INFO: Agent <rule_based_agent_2> chose action RIGHT in 0.00s.
2026-08-15 13:17:47,180 [BombeRLeWorld] INFO: Agent <rule_based_agent_2> stayed within acceptable think time.
2026-08-15 13:17:47,180 [BombeRLeWorld] INFO: Agent <rule_based_agent_0> chose action UP in 0.00s.
2026-08-15 13:17:47,180 [BombeRLeWorld] INFO: Agent <rule_based_agent_0> stayed within acceptable think time.
2026-08-15 13:17:47,180 [BombeRLeWorld] INFO: Agent <rule_based_agent_1> chose action LEFT in 0.00s.
2026-08-15 13:17:47,180 [BombeRLeWorld] INFO: Agent <rule_based_agent_1> stayed within acceptable think time.
2026-08-15 13:17:47,276 [BombeRLeWorld] INFO: STARTING STEP 184
2026-08-15 13:17:47,279 [BombeRLeWorld] INFO: Agent <rule_based_agent_1> chose action DOWN in 0.00s.
2026-08-15 13:17:47,279 [BombeRLeWorld] INFO: Agent <rule_based_agent_1> stayed within acceptable think time.
2026-08-15 13:17:47,280 [BombeRLeWorld] INFO: Agent <rule_based_agent_2> chose action RIGHT in 0.00s.
2026-08-15 13:17:47,280 [BombeRLeWorld] INFO: Agent <rule_based_agent_2> stayed within acceptable think time.
2026-08-15 13:17:47,280 [BombeRLeWorld] INFO: Agent <rule_based_agent_0> chose action UP in 0.00s.
2026-08-15 13:17:47,280 [BombeRLeWorld] INFO: Agent <rule_based_agent_0> stayed within acceptable think time.
2026-08-15 13:17:47,376 [BombeRLeWorld] INFO: STARTING STEP 185
2026-08-15 13:17:47,380 [BombeRLeWorld] INFO: Agent <rule_based_agent_2> chose action DOWN in 0.00s.
2026-08-15 13:17:47,380 [BombeRLeWorld] INFO: Agent <rule_based_agent_2> stayed within acceptable think time.
2026-08-15 13:17:47,380 [BombeRLeWorld] INFO: Agent <rule_based_agent_0> chose action UP in 0.00s.
2026-08-15 13:17:47,380 [BombeRLeWorld] INFO: Agent <rule_based_agent_0> stayed within acceptable think time.
2026-08-15 13:17:47,380 [BombeRLeWorld] INFO: Agent <rule_based_agent_1> chose action UP in 0.00s.
2026-08-15 13:17:47,380 [BombeRLeWorld] INFO: Agent <rule_based_agent_1> stayed within acceptable think time.
2026-08-15 13:17:47,477 [BombeRLeWorld] INFO: STARTING STEP 186
2026-08-15 13:17:47,481 [BombeRLeWorld] INFO: Agent <rule_based_agent_1> chose action DOWN in 0.00s.
2026-08-15 13:17:47,481 [BombeRLeWorld] INFO: Agent <rule_based_agent_1> stayed within acceptable think time.
2026-08-15 13:17:47,481 [BombeRLeWorld] INFO: Agent <rule_based_agent_0> chose action LEFT in 0.00s.
2026-08-15 13:17:47,481 [BombeRLeWorld] INFO: Agent <rule_based_agent_0> stayed within acceptable think time.
2026-08-15 13:17:47,481 [BombeRLeWorld] INFO: Agent <rule_based_agent_2> chose action DOWN in 0.00s.
2026-08-15 13:17:47,481 [BombeRLeWorld] INFO: Agent <rule_based_agent_2> stayed within acceptable think time.
2026-08-15 13:17:47,481 [BombeRLeWorld] INFO: Agent <rule_based_agent_1>'s bomb at (np.int64(12), np.int64(9)) explodes
2026-08-15 13:17:47,481 [BombeRLeWorld] INFO: Agent <rule_based_agent_2>'s bomb at (np.int64(13), np.int64(9)) explodes
2026-08-15 13:17:47,577 [BombeRLeWorld] INFO: STARTING STEP 187
2026-08-15 13:17:47,580 [BombeRLeWorld] INFO: Agent <rule_based_agent_2> chose action LEFT in 0.00s.
2026-08-15 13:17:47,580 [BombeRLeWorld] INFO: Agent <rule_based_agent_2> stayed within acceptable think time.
2026-08-15 13:17:47,580 [BombeRLeWorld] INFO: Agent <rule_based_agent_0> chose action RIGHT in 0.00s.
2026-08-15 13:17:47,580 [BombeRLeWorld] INFO: Agent <rule_based_agent_0> stayed within acceptable think time.
2026-08-15 13:17:47,580 [BombeRLeWorld] INFO: Agent <rule_based_agent_1> chose action DOWN in 0.00s.
2026-08-15 13:17:47,580 [BombeRLeWorld] INFO: Agent <rule_based_agent_1> stayed within acceptable think time.
2026-08-15 13:17:47,677 [BombeRLeWorld] INFO: STARTING STEP 188
2026-08-15 13:17:47,680 [BombeRLeWorld] INFO: Agent <rule_based_agent_0> chose action DOWN in 0.00s.
2026-08-15 13:17:47,680 [BombeRLeWorld] INFO: Agent <rule_based_agent_0> stayed within acceptable think time.
2026-08-15 13:17:47,680 [BombeRLeWorld] INFO: Agent <rule_based_agent_2> chose action LEFT in 0.00s.
2026-08-15 13:17:47,680 [BombeRLeWorld] INFO: Agent <rule_based_agent_2> stayed within acceptable think time.
2026-08-15 13:17:47,680 [BombeRLeWorld] INFO: Agent <rule_based_agent_1> chose action RIGHT in 0.00s.
2026-08-15 13:17:47,680 [BombeRLeWorld] INFO: Agent <rule_based_agent_1> stayed within acceptable think time.
2026-08-15 13:17:47,777 [BombeRLeWorld] INFO: STARTING STEP 189
2026-08-15 13:17:47,780 [BombeRLeWorld] INFO: Agent <rule_based_agent_2> chose action BOMB in 0.00s.
2026-08-15 13:17:47,780 [BombeRLeWorld] INFO: Agent <rule_based_agent_2> stayed within acceptable think time.
2026-08-15 13:17:47,780 [BombeRLeWorld] INFO: Agent <rule_based_agent_2> drops bomb at (np.int64(13), np.int64(11))
2026-08-15 13:17:47,780 [BombeRLeWorld] INFO: Agent <rule_based_agent_1> chose action BOMB in 0.00s.
2026-08-15 13:17:47,780 [BombeRLeWorld] INFO: Agent <rule_based_agent_1> stayed within acceptable think time.
2026-08-15 13:17:47,780 [BombeRLeWorld] INFO: Agent <rule_based_agent_1> drops bomb at (np.int64(12), np.int64(11))
2026-08-15 13:17:47,780 [BombeRLeWorld] INFO: Agent <rule_based_agent_0> chose action DOWN in 0.00s.
2026-08-15 13:17:47,780 [BombeRLeWorld] INFO: Agent <rule_based_agent_0> stayed within acceptable think time.
2026-08-15 13:17:47,878 [BombeRLeWorld] INFO: STARTING STEP 190
2026-08-15 13:17:47,881 [BombeRLeWorld] INFO: Agent <rule_based_agent_2> chose action UP in 0.00s.
2026-08-15 13:17:47,881 [BombeRLeWorld] INFO: Agent <rule_based_agent_2> stayed within acceptable think time.
2026-08-15 13:17:47,881 [BombeRLeWorld] INFO: Agent <rule_based_agent_1> chose action LEFT in 0.00s.
2026-08-15 13:17:47,881 [BombeRLeWorld] INFO: Agent <rule_based_agent_1> stayed within acceptable think time.
2026-08-15 13:17:47,881 [BombeRLeWorld] INFO: Agent <rule_based_agent_0> chose action LEFT in 0.00s.
2026-08-15 13:17:47,881 [BombeRLeWorld] INFO: Agent <rule_based_agent_0> stayed within acceptable think time.
2026-08-15 13:17:47,977 [BombeRLeWorld] INFO: STARTING STEP 191
2026-08-15 13:17:47,979 [BombeRLeWorld] INFO: Agent <rule_based_agent_0> chose action LEFT in 0.00s.
2026-08-15 13:17:47,979 [BombeRLeWorld] INFO: Agent <rule_based_agent_0> stayed within acceptable think time.
2026-08-15 13:17:47,979 [BombeRLeWorld] INFO: Agent <rule_based_agent_1> chose action DOWN in 0.00s.
2026-08-15 13:17:47,979 [BombeRLeWorld] INFO: Agent <rule_based_agent_1> stayed within acceptable think time.
2026-08-15 13:17:47,979 [BombeRLeWorld] INFO: Agent <rule_based_agent_2> chose action UP in 0.00s.
2026-08-15 13:17:47,979 [BombeRLeWorld] INFO: Agent <rule_based_agent_2> stayed within acceptable think time.
2026-08-15 13:17:48,077 [BombeRLeWorld] INFO: STARTING STEP 192
2026-08-15 13:17:48,080 [BombeRLeWorld] INFO: Agent <rule_based_agent_0> chose action DOWN in 0.00s.
2026-08-15 13:17:48,080 [BombeRLeWorld] INFO: Agent <rule_based_agent_0> stayed within acceptable think time.
2026-08-15 13:17:48,080 [BombeRLeWorld] INFO: Agent <rule_based_agent_2> chose action RIGHT in 0.00s.
2026-08-15 13:17:48,080 [BombeRLeWorld] INFO: Agent <rule_based_agent_2> stayed within acceptable think time.
2026-08-15 13:17:48,080 [BombeRLeWorld] INFO: Agent <rule_based_agent_1> chose action UP in 0.00s.
2026-08-15 13:17:48,080 [BombeRLeWorld] INFO: Agent <rule_based_agent_1> stayed within acceptable think time.
2026-08-15 13:17:48,177 [BombeRLeWorld] INFO: STARTING STEP 193
2026-08-15 13:17:48,180 [BombeRLeWorld] INFO: Agent <rule_based_agent_1> chose action DOWN in 0.00s.
2026-08-15 13:17:48,180 [BombeRLeWorld] INFO: Agent <rule_based_agent_1> stayed within acceptable think time.
2026-08-15 13:17:48,180 [BombeRLeWorld] INFO: Agent <rule_based_agent_2> chose action RIGHT in 0.00s.
2026-08-15 13:17:48,180 [BombeRLeWorld] INFO: Agent <rule_based_agent_2> stayed within acceptable think time.
2026-08-15 13:17:48,180 [BombeRLeWorld] INFO: Agent <rule_based_agent_0> chose action DOWN in 0.00s.
2026-08-15 13:17:48,180 [BombeRLeWorld] INFO: Agent <rule_based_agent_0> stayed within acceptable think time.
2026-08-15 13:17:48,180 [BombeRLeWorld] INFO: Agent <rule_based_agent_2>'s bomb at (np.int64(13), np.int64(11)) explodes
2026-08-15 13:17:48,180 [BombeRLeWorld] INFO: Agent <rule_based_agent_1>'s bomb at (np.int64(12), np.int64(11)) explodes
2026-08-15 13:17:48,278 [BombeRLeWorld] INFO: STARTING STEP 194
2026-08-15 13:17:48,282 [BombeRLeWorld] INFO: Agent <rule_based_agent_0> chose action RIGHT in 0.00s.
2026-08-15 13:17:48,282 [BombeRLeWorld] INFO: Agent <rule_based_agent_0> stayed within acceptable think time.
2026-08-15 13:17:48,282 [BombeRLeWorld] INFO: Agent <rule_based_agent_1> chose action DOWN in 0.00s.
2026-08-15 13:17:48,282 [BombeRLeWorld] INFO: Agent <rule_based_agent_1> stayed within acceptable think time.
2026-08-15 13:17:48,282 [BombeRLeWorld] INFO: Agent <rule_based_agent_2> chose action UP in 0.00s.
2026-08-15 13:17:48,282 [BombeRLeWorld] INFO: Agent <rule_based_agent_2> stayed within acceptable think time.
2026-08-15 13:17:48,378 [BombeRLeWorld] INFO: STARTING STEP 195
2026-08-15 13:17:48,381 [BombeRLeWorld] INFO: Agent <rule_based_agent_2> chose action UP in 0.00s.
2026-08-15 13:17:48,381 [BombeRLeWorld] INFO: Agent <rule_based_agent_2> stayed within acceptable think time.
2026-08-15 13:17:48,381 [BombeRLeWorld] INFO: Agent <rule_based_agent_0> chose action RIGHT in 0.00s.
2026-08-15 13:17:48,381 [BombeRLeWorld] INFO: Agent <rule_based_agent_0> stayed within acceptable think time.
2026-08-15 13:17:48,381 [BombeRLeWorld] INFO: Agent <rule_based_agent_1> chose action UP in 0.00s.
2026-08-15 13:17:48,381 [BombeRLeWorld] INFO: Agent <rule_based_agent_1> stayed within acceptable think time.
2026-08-15 13:17:48,478 [BombeRLeWorld] INFO: STARTING STEP 196
2026-08-15 13:17:48,481 [BombeRLeWorld] INFO: Agent <rule_based_agent_0> chose action LEFT in 0.00s.
2026-08-15 13:17:48,481 [BombeRLeWorld] INFO: Agent <rule_based_agent_0> stayed within acceptable think time.
2026-08-15 13:17:48,481 [BombeRLeWorld] INFO: Agent <rule_based_agent_2> chose action BOMB in 0.00s.
2026-08-15 13:17:48,481 [BombeRLeWorld] INFO: Agent <rule_based_agent_2> stayed within acceptable think time.
2026-08-15 13:17:48,481 [BombeRLeWorld] INFO: Agent <rule_based_agent_2> drops bomb at (np.int64(15), np.int64(7))
2026-08-15 13:17:48,481 [BombeRLeWorld] INFO: Agent <rule_based_agent_1> chose action UP in 0.00s.
2026-08-15 13:17:48,481 [BombeRLeWorld] INFO: Agent <rule_based_agent_1> stayed within acceptable think time.
2026-08-15 13:17:48,578 [BombeRLeWorld] INFO: STARTING STEP 197
2026-08-15 13:17:48,582 [BombeRLeWorld] INFO: Agent <rule_based_agent_1> chose action LEFT in 0.00s.
2026-08-15 13:17:48,582 [BombeRLeWorld] INFO: Agent <rule_based_agent_1> stayed within acceptable think time.
2026-08-15 13:17:48,582 [BombeRLeWorld] INFO: Agent <rule_based_agent_2> chose action DOWN in 0.00s.
2026-08-15 13:17:48,582 [BombeRLeWorld] INFO: Agent <rule_based_agent_2> stayed within acceptable think time.
2026-08-15 13:17:48,582 [BombeRLeWorld] INFO: Agent <rule_based_agent_0> chose action DOWN in 0.00s.
2026-08-15 13:17:48,582 [BombeRLeWorld] INFO: Agent <rule_based_agent_0> stayed within acceptable think time.
2026-08-15 13:17:48,678 [BombeRLeWorld] INFO: STARTING STEP 198
2026-08-15 13:17:48,682 [BombeRLeWorld] INFO: Agent <rule_based_agent_0> chose action UP in 0.00s.
2026-08-15 13:17:48,682 [BombeRLeWorld] INFO: Agent <rule_based_agent_0> stayed within acceptable think time.
2026-08-15 13:17:48,682 [BombeRLeWorld] INFO: Agent <rule_based_agent_1> chose action LEFT in 0.00s.
2026-08-15 13:17:48,682 [BombeRLeWorld] INFO: Agent <rule_based_agent_1> stayed within acceptable think time.
2026-08-15 13:17:48,682 [BombeRLeWorld] INFO: Agent <rule_based_agent_2> chose action DOWN in 0.00s.
2026-08-15 13:17:48,682 [BombeRLeWorld] INFO: Agent <rule_based_agent_2> stayed within acceptable think time.
2026-08-15 13:17:48,777 [BombeRLeWorld] INFO: STARTING STEP 199
2026-08-15 13:17:48,781 [BombeRLeWorld] INFO: Agent <rule_based_agent_0> chose action DOWN in 0.00s.
2026-08-15 13:17:48,781 [BombeRLeWorld] INFO: Agent <rule_based_agent_0> stayed within acceptable think time.
2026-08-15 13:17:48,781 [BombeRLeWorld] INFO: Agent <rule_based_agent_1> chose action LEFT in 0.00s.
2026-08-15 13:17:48,781 [BombeRLeWorld] INFO: Agent <rule_based_agent_1> stayed within acceptable think time.
2026-08-15 13:17:48,781 [BombeRLeWorld] INFO: Agent <rule_based_agent_2> chose action LEFT in 0.00s.
2026-08-15 13:17:48,781 [BombeRLeWorld] INFO: Agent <rule_based_agent_2> stayed within acceptable think time.
2026-08-15 13:17:48,878 [BombeRLeWorld] INFO: STARTING STEP 200
2026-08-15 13:17:48,882 [BombeRLeWorld] INFO: Agent <rule_based_agent_1> chose action LEFT in 0.00s.
2026-08-15 13:17:48,882 [BombeRLeWorld] INFO: Agent <rule_based_agent_1> stayed within acceptable think time.
2026-08-15 13:17:48,882 [BombeRLeWorld] INFO: Agent <rule_based_agent_2> chose action LEFT in 0.00s.
2026-08-15 13:17:48,882 [BombeRLeWorld] INFO: Agent <rule_based_agent_2> stayed within acceptable think time.
2026-08-15 13:17:48,882 [BombeRLeWorld] INFO: Agent <rule_based_agent_0> chose action DOWN in 0.00s.
2026-08-15 13:17:48,882 [BombeRLeWorld] INFO: Agent <rule_based_agent_0> stayed within acceptable think time.
2026-08-15 13:17:48,882 [BombeRLeWorld] INFO: Agent <rule_based_agent_2>'s bomb at (np.int64(15), np.int64(7)) explodes
2026-08-15 13:17:48,978 [BombeRLeWorld] INFO: STARTING STEP 201
2026-08-15 13:17:48,982 [BombeRLeWorld] INFO: Agent <rule_based_agent_2> chose action LEFT in 0.00s.
2026-08-15 13:17:48,982 [BombeRLeWorld] INFO: Agent <rule_based_agent_2> stayed within acceptable think time.
2026-08-15 13:17:48,982 [BombeRLeWorld] INFO: Agent <rule_based_agent_1> chose action LEFT in 0.00s.
2026-08-15 13:17:48,982 [BombeRLeWorld] INFO: Agent <rule_based_agent_1> stayed within acceptable think time.
2026-08-15 13:17:48,982 [BombeRLeWorld] INFO: Agent <rule_based_agent_0> chose action BOMB in 0.00s.
2026-08-15 13:17:48,982 [BombeRLeWorld] INFO: Agent <rule_based_agent_0> stayed within acceptable think time.
2026-08-15 13:17:48,982 [BombeRLeWorld] INFO: Agent <rule_based_agent_0> drops bomb at (np.int64(13), np.int64(8))
2026-08-15 13:17:49,079 [BombeRLeWorld] INFO: STARTING STEP 202
2026-08-15 13:17:49,083 [BombeRLeWorld] INFO: Agent <rule_based_agent_0> chose action DOWN in 0.00s.
2026-08-15 13:17:49,083 [BombeRLeWorld] INFO: Agent <rule_based_agent_0> stayed within acceptable think time.
2026-08-15 13:17:49,083 [BombeRLeWorld] INFO: Agent <rule_based_agent_2> chose action LEFT in 0.00s.
2026-08-15 13:17:49,083 [BombeRLeWorld] INFO: Agent <rule_based_agent_2> stayed within acceptable think time.
2026-08-15 13:17:49,083 [BombeRLeWorld] INFO: Agent <rule_based_agent_1> chose action RIGHT in 0.00s.
2026-08-15 13:17:49,083 [BombeRLeWorld] INFO: Agent <rule_based_agent_1> stayed within acceptable think time.
2026-08-15 13:17:49,179 [BombeRLeWorld] INFO: STARTING STEP 203
2026-08-15 13:17:49,183 [BombeRLeWorld] INFO: Agent <rule_based_agent_2> chose action UP in 0.00s.
2026-08-15 13:17:49,183 [BombeRLeWorld] INFO: Agent <rule_based_agent_2> stayed within acceptable think time.
2026-08-15 13:17:49,183 [BombeRLeWorld] INFO: Agent <rule_based_agent_1> chose action UP in 0.00s.
2026-08-15 13:17:49,183 [BombeRLeWorld] INFO: Agent <rule_based_agent_1> stayed within acceptable think time.
2026-08-15 13:17:49,183 [BombeRLeWorld] INFO: Agent <rule_based_agent_0> chose action RIGHT in 0.00s.
2026-08-15 13:17:49,184 [BombeRLeWorld] INFO: Agent <rule_based_agent_0> stayed within acceptable think time.
2026-08-15 13:17:49,279 [BombeRLeWorld] INFO: STARTING STEP 204
2026-08-15 13:17:49,283 [BombeRLeWorld] INFO: Agent <rule_based_agent_2> chose action DOWN in 0.00s.
2026-08-15 13:17:49,283 [BombeRLeWorld] INFO: Agent <rule_based_agent_2> stayed within acceptable think time.
2026-08-15 13:17:49,283 [BombeRLeWorld] INFO: Agent <rule_based_agent_0> chose action LEFT in 0.00s.
2026-08-15 13:17:49,283 [BombeRLeWorld] INFO: Agent <rule_based_agent_0> stayed within acceptable think time.
2026-08-15 13:17:49,283 [BombeRLeWorld] INFO: Agent <rule_based_agent_1> chose action UP in 0.00s.
2026-08-15 13:17:49,283 [BombeRLeWorld] INFO: Agent <rule_based_agent_1> stayed within acceptable think time.
2026-08-15 13:17:49,379 [BombeRLeWorld] INFO: STARTING STEP 205
2026-08-15 13:17:49,383 [BombeRLeWorld] INFO: Agent <rule_based_agent_0> chose action RIGHT in 0.00s.
2026-08-15 13:17:49,383 [BombeRLeWorld] INFO: Agent <rule_based_agent_0> stayed within acceptable think time.
2026-08-15 13:17:49,383 [BombeRLeWorld] INFO: Agent <rule_based_agent_1> chose action RIGHT in 0.00s.
2026-08-15 13:17:49,383 [BombeRLeWorld] INFO: Agent <rule_based_agent_1> stayed within acceptable think time.
2026-08-15 13:17:49,383 [BombeRLeWorld] INFO: Agent <rule_based_agent_2> chose action LEFT in 0.00s.
2026-08-15 13:17:49,383 [BombeRLeWorld] INFO: Agent <rule_based_agent_2> stayed within acceptable think time.
2026-08-15 13:17:49,383 [BombeRLeWorld] INFO: Agent <rule_based_agent_0>'s bomb at (np.int64(13), np.int64(8)) explodes
2026-08-15 13:17:49,480 [BombeRLeWorld] INFO: STARTING STEP 206
2026-08-15 13:17:49,482 [BombeRLeWorld] INFO: Agent <rule_based_agent_0> chose action RIGHT in 0.00s.
2026-08-15 13:17:49,482 [BombeRLeWorld] INFO: Agent <rule_based_agent_0> stayed within acceptable think time.
2026-08-15 13:17:49,482 [BombeRLeWorld] INFO: Agent <rule_based_agent_1> chose action RIGHT in 0.00s.
2026-08-15 13:17:49,482 [BombeRLeWorld] INFO: Agent <rule_based_agent_1> stayed within acceptable think time.
2026-08-15 13:17:49,482 [BombeRLeWorld] INFO: Agent <rule_based_agent_2> chose action LEFT in 0.00s.
2026-08-15 13:17:49,482 [BombeRLeWorld] INFO: Agent <rule_based_agent_2> stayed within acceptable think time.
2026-08-15 13:17:49,580 [BombeRLeWorld] INFO: STARTING STEP 207
2026-08-15 13:17:49,581 [BombeRLeWorld] INFO: Agent <rule_based_agent_2> chose action BOMB in 0.00s.
2026-08-15 13:17:49,582 [BombeRLeWorld] INFO: Agent <rule_based_agent_2> stayed within acceptable think time.
2026-08-15 13:17:49,582 [BombeRLeWorld] INFO: Agent <rule_based_agent_2> drops bomb at (np.int64(10), np.int64(9))
2026-08-15 13:17:49,582 [BombeRLeWorld] INFO: Agent <rule_based_agent_0> chose action LEFT in 0.00s.
2026-08-15 13:17:49,582 [BombeRLeWorld] INFO: Agent <rule_based_agent_0> stayed within acceptable think time.
2026-08-15 13:17:49,582 [BombeRLeWorld] INFO: Agent <rule_based_agent_1> chose action BOMB in 0.00s.
2026-08-15 13:17:49,582 [BombeRLeWorld] INFO: Agent <rule_based_agent_1> stayed within acceptable think time.
2026-08-15 13:17:49,582 [BombeRLeWorld] INFO: Agent <rule_based_agent_1> drops bomb at (np.int64(9), np.int64(9))
2026-08-15 13:17:49,680 [BombeRLeWorld] INFO: STARTING STEP 208
2026-08-15 13:17:49,683 [BombeRLeWorld] INFO: Agent <rule_based_agent_0> chose action LEFT in 0.00s.
2026-08-15 13:17:49,683 [BombeRLeWorld] INFO: Agent <rule_based_agent_0> stayed within acceptable think time.
2026-08-15 13:17:49,683 [BombeRLeWorld] INFO: Agent <rule_based_agent_2> chose action RIGHT in 0.00s.
2026-08-15 13:17:49,683 [BombeRLeWorld] INFO: Agent <rule_based_agent_2> stayed within acceptable think time.
2026-08-15 13:17:49,683 [BombeRLeWorld] INFO: Agent <rule_based_agent_1> chose action LEFT in 0.00s.
2026-08-15 13:17:49,683 [BombeRLeWorld] INFO: Agent <rule_based_agent_1> stayed within acceptable think time.
2026-08-15 13:17:49,780 [BombeRLeWorld] INFO: STARTING STEP 209
2026-08-15 13:17:49,782 [BombeRLeWorld] INFO: Agent <rule_based_agent_1> chose action LEFT in 0.00s.
2026-08-15 13:17:49,782 [BombeRLeWorld] INFO: Agent <rule_based_agent_1> stayed within acceptable think time.
2026-08-15 13:17:49,782 [BombeRLeWorld] INFO: Agent <rule_based_agent_0> chose action DOWN in 0.00s.
2026-08-15 13:17:49,782 [BombeRLeWorld] INFO: Agent <rule_based_agent_0> stayed within acceptable think time.
2026-08-15 13:17:49,782 [BombeRLeWorld] INFO: Agent <rule_based_agent_2> chose action DOWN in 0.00s.
2026-08-15 13:17:49,782 [BombeRLeWorld] INFO: Agent <rule_based_agent_2> stayed within acceptable think time.
2026-08-15 13:17:49,880 [BombeRLeWorld] INFO: STARTING STEP 210
2026-08-15 13:17:49,881 [BombeRLeWorld] INFO: Agent <rule_based_agent_0> chose action DOWN in 0.00s.
2026-08-15 13:17:49,881 [BombeRLeWorld] INFO: Agent <rule_based_agent_0> stayed within acceptable think time.
2026-08-15 13:17:49,881 [BombeRLeWorld] INFO: Agent <rule_based_agent_1> chose action DOWN in 0.00s.
2026-08-15 13:17:49,881 [BombeRLeWorld] INFO: Agent <rule_based_agent_1> stayed within acceptable think time.
2026-08-15 13:17:49,881 [BombeRLeWorld] INFO: Agent <rule_based_agent_2> chose action UP in 0.00s.
2026-08-15 13:17:49,881 [BombeRLeWorld] INFO: Agent <rule_based_agent_2> stayed within acceptable think time.
2026-08-15 13:17:49,980 [BombeRLeWorld] INFO: STARTING STEP 211
2026-08-15 13:17:49,983 [BombeRLeWorld] INFO: Agent <rule_based_agent_1> chose action DOWN in 0.00s.
2026-08-15 13:17:49,983 [BombeRLeWorld] INFO: Agent <rule_based_agent_1> stayed within acceptable think time.
2026-08-15 13:17:49,983 [BombeRLeWorld] INFO: Agent <rule_based_agent_2> chose action DOWN in 0.00s.
2026-08-15 13:17:49,983 [BombeRLeWorld] INFO: Agent <rule_based_agent_2> stayed within acceptable think time.
2026-08-15 13:17:49,983 [BombeRLeWorld] INFO: Agent <rule_based_agent_0> chose action UP in 0.00s.
2026-08-15 13:17:49,983 [BombeRLeWorld] INFO: Agent <rule_based_agent_0> stayed within acceptable think time.
2026-08-15 13:17:49,983 [BombeRLeWorld] INFO: Agent <rule_based_agent_2>'s bomb at (np.int64(10), np.int64(9)) explodes
2026-08-15 13:17:49,983 [BombeRLeWorld] INFO: Agent <rule_based_agent_1>'s bomb at (np.int64(9), np.int64(9)) explodes
